,hour_output_categorical_accuracy,hour_output_loss,loss,minute_output_loss,minute_output_mean_absolute_error,val_hour_output_categorical_accuracy,val_hour_output_loss,val_loss,val_minute_output_loss,val_minute_output_mean_absolute_error
0,0.08611111342906952,2.6039140224456787,4.615257740020752,0.6609086990356445,0.6626061797142029,0.06777777522802353,2.486018419265747,2.6098530292510986,0.27824050188064575,0.27337753772735596
1,0.08388888835906982,2.485231876373291,2.5240774154663086,0.25619614124298096,0.25629180669784546,0.06611111015081406,2.4869272708892822,2.525947332382202,0.2613259553909302,0.25655439496040344
2,0.09055555611848831,2.483410120010376,2.482560873031616,0.2482447624206543,0.248173788189888,0.08277777582406998,2.4818367958068848,2.4642434120178223,0.2482418417930603,0.24464009702205658
3,0.0977083370089531,2.47383451461792,2.3734419345855713,0.22711993753910065,0.22728408873081207,0.11166666448116302,2.4615626335144043,2.3907148838043213,0.23498965799808502,0.23166866600513458
4,0.11229166388511658,2.455928087234497,2.3060646057128906,0.21567319333553314,0.21561118960380554,0.13500000536441803,2.4466748237609863,2.29551100730896,0.21887996792793274,0.2140815705060959
5,0.12041666358709335,2.4397053718566895,2.2657129764556885,0.20915450155735016,0.20918893814086914,0.13500000536441803,2.4286835193634033,2.3040711879730225,0.2211747169494629,0.21773970127105713
6,0.13784721493721008,2.40915584564209,2.2289628982543945,0.204812154173851,0.204885795712471,0.14722222089767456,2.3841135501861572,2.1993460655212402,0.2053227424621582,0.20132508873939514
7,0.14638888835906982,2.3663036823272705,2.1616930961608887,0.1957409679889679,0.19569146633148193,0.15222221612930298,2.3432533740997314,2.1451876163482666,0.1989968717098236,0.19421344995498657
8,0.1579861044883728,2.325528860092163,2.116910457611084,0.19068197906017303,0.19078776240348816,0.1711111068725586,2.312980890274048,2.12074613571167,0.19752582907676697,0.1926882565021515
9,0.17048610746860504,2.278759241104126,2.0477588176727295,0.18164275586605072,0.18166349828243256,0.1644444465637207,2.2470147609710693,2.0249087810516357,0.18435294926166534,0.17987623810768127
10,0.18312500417232513,2.2160825729370117,1.986041784286499,0.17557497322559357,0.1755693107843399,0.18166667222976685,2.171478271484375,1.9571622610092163,0.1806688904762268,0.17338606715202332
11,0.19902777671813965,2.1509463787078857,1.9108688831329346,0.16708606481552124,0.16710351407527924,0.20666666328907013,2.1034128665924072,1.959126353263855,0.1871330291032791,0.1806105375289917
12,0.2170138955116272,2.0740349292755127,1.8507343530654907,0.16272374987602234,0.1627255380153656,0.22333332896232605,2.0206780433654785,1.8235137462615967,0.1674894392490387,0.1618327498435974
13,0.23944444954395294,1.993515968322754,1.7924752235412598,0.15923789143562317,0.15913942456245422,0.24611110985279083,1.9332891702651978,1.7627449035644531,0.1632186472415924,0.15836584568023682
14,0.2624305486679077,1.9122190475463867,1.7465577125549316,0.15815503895282745,0.15814287960529327,0.2544444501399994,1.8687361478805542,1.7178754806518555,0.16115008294582367,0.15602722764015198
15,0.2841666638851166,1.832661747932434,1.6792093515396118,0.15271373093128204,0.15254518389701843,0.2922222316265106,1.7990684509277344,1.6785589456558228,0.16212348639965057,0.15562893450260162
16,0.3083333373069763,1.7532652616500854,1.620163083076477,0.1485634297132492,0.14866985380649567,0.3127777874469757,1.7048039436340332,1.5958834886550903,0.1536816656589508,0.14879746735095978
17,0.3362500071525574,1.6711983680725098,1.5546902418136597,0.1439211219549179,0.14376044273376465,0.32944443821907043,1.6360043287277222,1.593169093132019,0.1598992496728897,0.15527687966823578
18,0.3603472113609314,1.5994802713394165,1.5008525848388672,0.14026658236980438,0.14019775390625,0.36888888478279114,1.585753321647644,1.5016052722930908,0.14736013114452362,0.14285796880722046
19,0.3856250047683716,1.5366231203079224,1.469805121421814,0.14025799930095673,0.14031463861465454,0.38999998569488525,1.5256123542785645,1.4867420196533203,0.15075944364070892,0.14438636600971222
20,0.41263890266418457,1.4708456993103027,1.41896390914917,0.1367676705121994,0.1366901397705078,0.4233333468437195,1.4654121398925781,1.5704784393310547,0.16915640234947205,0.1674494743347168
21,0.43562498688697815,1.4029762744903564,1.3612500429153442,0.13190463185310364,0.13195805251598358,0.4472222328186035,1.3814022541046143,1.3988364934921265,0.14734430611133575,0.14180594682693481
22,0.46965277194976807,1.3355447053909302,1.3201005458831787,0.130492702126503,0.1304779350757599,0.4694444537162781,1.3218047618865967,1.3388255834579468,0.140205517411232,0.13592328131198883
23,0.4982638955116272,1.2691082954406738,1.263472080230713,0.1258305311203003,0.1257915198802948,0.49888888001441956,1.300537347793579,1.3228365182876587,0.13865555822849274,0.13453155755996704
24,0.524097204208374,1.2063336372375488,1.2201902866363525,0.12350175529718399,0.12343842536211014,0.523888885974884,1.2106062173843384,1.2787822484970093,0.13916662335395813,0.1336059868335724
25,0.5399305820465088,1.1575665473937988,1.1892344951629639,0.12210287898778915,0.12209112197160721,0.5472221970558167,1.1689972877502441,1.232419729232788,0.13625624775886536,0.1291663944721222
26,0.5665972232818604,1.0986676216125488,1.1374387741088867,0.11765988916158676,0.11758767068386078,0.5716666579246521,1.1260457038879395,1.216957449913025,0.1370074599981308,0.12994801998138428
27,0.5968055725097656,1.038196325302124,1.0951396226882935,0.11526916921138763,0.115232452750206,0.5872222185134888,1.0823734998703003,1.185784935951233,0.1320706307888031,0.12700052559375763
28,0.6183333396911621,0.9871577024459839,1.069890022277832,0.1153188943862915,0.11529582738876343,0.6005555391311646,1.040602445602417,1.1766504049301147,0.13486430048942566,0.12909795343875885
29,0.6400694251060486,0.9308926463127136,1.021109938621521,0.1111292615532875,0.11112070828676224,0.597777783870697,1.008109450340271,1.140129566192627,0.13153643906116486,0.124962218105793
30,0.6620138883590698,0.8824871778488159,0.9874932169914246,0.1091480627655983,0.10926245898008347,0.6016666889190674,0.9847078919410706,1.1034280061721802,0.1268446296453476,0.1207924634218216
31,0.6728472113609314,0.8556311726570129,0.9661966562271118,0.10768011957406998,0.10769829154014587,0.6411111354827881,0.9431383609771729,1.0950223207473755,0.12956881523132324,0.12338049709796906
32,0.6904861330986023,0.816976010799408,0.9425309300422668,0.10680373013019562,0.10681271553039551,0.6511111259460449,0.892902672290802,1.0537254810333252,0.12384402006864548,0.1192365437746048
33,0.7067360877990723,0.765349268913269,0.9060840010643005,0.1045733094215393,0.10466719418764114,0.6527777910232544,0.8888400197029114,1.057861089706421,0.1242019310593605,0.12010475248098373
34,0.7161805629730225,0.7476873993873596,0.8978654146194458,0.1047402173280716,0.10481180250644684,0.6661111116409302,0.8660573363304138,1.0125343799591064,0.11747034639120102,0.11389878392219543
35,0.7338194251060486,0.704313337802887,0.8580904603004456,0.10126615315675735,0.10118924826383591,0.6838889122009277,0.8195537328720093,0.9926830530166626,0.11572467535734177,0.11403580009937286
36,0.7431944608688354,0.6698251366615295,0.8301307559013367,0.09897473454475403,0.0990445464849472,0.6933333277702332,0.796501100063324,0.9937122464179993,0.11824634671211243,0.11631225794553757
37,0.7554861307144165,0.6493256688117981,0.8117268681526184,0.09739772230386734,0.09741774946451187,0.6972222328186035,0.801724374294281,0.9887449145317078,0.1157907247543335,0.11593589931726456
38,0.7718750238418579,0.6173610687255859,0.7909249067306519,0.09642048180103302,0.09646955132484436,0.7011111378669739,0.7553477883338928,0.9463354349136353,0.11437094211578369,0.11106397211551666
39,0.7804861068725586,0.5827633738517761,0.7632225751876831,0.09430499374866486,0.09436514973640442,0.7055555582046509,0.7628387808799744,0.9616203904151917,0.1170513778924942,0.11439920961856842
40,0.7902083396911621,0.5565338134765625,0.736882746219635,0.09181616455316544,0.09175167232751846,0.7105555534362793,0.7304060459136963,0.9262962937355042,0.11394833028316498,0.11021984368562698
41,0.8079861402511597,0.524681568145752,0.7137032747268677,0.09027114510536194,0.09027160704135895,0.7300000190734863,0.7201805710792542,0.9069824814796448,0.11145545542240143,0.10758396238088608
42,0.8118055462837219,0.5159260630607605,0.7058752179145813,0.08950178325176239,0.08956162631511688,0.7194444537162781,0.7190043330192566,0.9129956960678101,0.11367426067590714,0.10923648625612259
43,0.8147222399711609,0.49304357171058655,0.6971861720085144,0.09013136476278305,0.09011752903461456,0.7094444632530212,0.71912682056427,0.9311211705207825,0.11500035226345062,0.11194740235805511
44,0.8285416960716248,0.46541842818260193,0.664482057094574,0.08632844686508179,0.08636500686407089,0.7283333539962769,0.7225824594497681,0.9113531708717346,0.11015353351831436,0.1083635687828064
45,0.8362500071525574,0.4493783116340637,0.6549617648124695,0.08597999811172485,0.08603944629430771,0.7405555844306946,0.6718062162399292,0.8746166825294495,0.11211095005273819,0.10678281635046005
46,0.8460416793823242,0.431081086397171,0.6422776579856873,0.08536624908447266,0.08536691963672638,0.7372221946716309,0.7013646960258484,0.9178505539894104,0.1135321632027626,0.11212877184152603
47,0.8495138883590698,0.4226178824901581,0.6365291476249695,0.08505704253911972,0.08506843447685242,0.7322221994400024,0.6582092046737671,0.877201497554779,0.11027709394693375,0.10793641954660416
48,0.8610416650772095,0.3958434462547302,0.6119314432144165,0.08278793096542358,0.08279100805521011,0.7166666388511658,0.6803430914878845,0.8819752931594849,0.10737690329551697,0.10625636577606201
49,0.8643055558204651,0.38009586930274963,0.589173436164856,0.07972302287817001,0.0798298567533493,0.7472222447395325,0.6594823002815247,0.8689217567443848,0.10826411843299866,0.10624504834413528
50,0.8703472018241882,0.369035929441452,0.5894903540611267,0.08096671104431152,0.08099915087223053,0.75,0.6612551808357239,0.844823956489563,0.10288701951503754,0.10213205218315125
51,0.8765277862548828,0.35080990195274353,0.5721296668052673,0.0794464573264122,0.07937747240066528,0.7627778053283691,0.6262832283973694,0.8617959022521973,0.10753709822893143,0.10788997262716293
52,0.8813889026641846,0.3370431959629059,0.5635287165641785,0.07902659475803375,0.07898376137018204,0.7488889098167419,0.6580455899238586,0.8792949914932251,0.10815922170877457,0.10729137808084488
53,0.8772222399711609,0.3412483334541321,0.5591606497764587,0.07774776220321655,0.07771466672420502,0.7605555653572083,0.6475586295127869,0.8516477942466736,0.1081283837556839,0.10388397425413132
54,0.8854166865348816,0.32327455282211304,0.5469992160797119,0.07716558873653412,0.07711657136678696,0.754444420337677,0.6438331007957458,0.8483190536499023,0.10514792799949646,0.10312134027481079
55,0.8927778005599976,0.30585816502571106,0.532177209854126,0.07587289065122604,0.07584807276725769,0.769444465637207,0.6100175380706787,0.8603008389472961,0.11300434917211533,0.10851754993200302
56,0.8936111330986023,0.3068106770515442,0.542855978012085,0.07792669534683228,0.07788369804620743,0.7522222399711609,0.6628952026367188,0.888169527053833,0.11259136348962784,0.10927600413560867
57,0.8974305391311646,0.2926042377948761,0.526548445224762,0.07603207975625992,0.07603657990694046,0.7672222256660461,0.6581568121910095,0.8539788126945496,0.10514289885759354,0.10230637341737747
58,0.9027777910232544,0.28502365946769714,0.508126974105835,0.07302983850240707,0.07308075577020645,0.7799999713897705,0.6274396181106567,0.8287888765335083,0.10312647372484207,0.10056445747613907
59,0.9054166674613953,0.2738712430000305,0.49444323778152466,0.07157070934772491,0.07150125503540039,0.7749999761581421,0.6363967657089233,0.8433089256286621,0.10400423407554626,0.10191456973552704
60,0.9135416746139526,0.2611238360404968,0.50143963098526,0.07423394918441772,0.07417304813861847,0.7583333253860474,0.6492292284965515,0.8852177858352661,0.11168725043535233,0.11033783853054047
61,0.909166693687439,0.26631927490234375,0.4931640028953552,0.07200177013874054,0.07198598235845566,0.7722222208976746,0.6093596816062927,0.8137186169624329,0.10155949741601944,0.09944474697113037
62,0.9145833253860474,0.25443342328071594,0.4832402467727661,0.07120414823293686,0.0712045207619667,0.7733333110809326,0.6478423476219177,0.8503819704055786,0.10631731897592545,0.10390827804803848
63,0.9210416674613953,0.23656480014324188,0.47153440117836,0.07079876214265823,0.0706767588853836,0.7827777862548828,0.621773362159729,0.8285685181617737,0.10468289256095886,0.10100754350423813
64,0.924791693687439,0.22863857448101044,0.4644536077976227,0.06998495012521744,0.07001345604658127,0.7622222304344177,0.661955714225769,0.8395633101463318,0.10288845747709274,0.10040035843849182
65,0.9226388931274414,0.22858595848083496,0.4575178623199463,0.06863521784543991,0.06864427030086517,0.7811111211776733,0.6451579332351685,0.8194732666015625,0.10005319863557816,0.09797179698944092
66,0.9250694513320923,0.21766115725040436,0.45375385880470276,0.0689709410071373,0.06897470355033875,0.7761111259460449,0.6240662932395935,0.8502991199493408,0.10717925429344177,0.10548101365566254
67,0.9254166483879089,0.22040989995002747,0.4491497576236725,0.06782163679599762,0.06779713183641434,0.7838888764381409,0.6187986731529236,0.8280911445617676,0.10291625559329987,0.10143063217401505
68,0.9318055510520935,0.2095261961221695,0.4401673674583435,0.06705018132925034,0.06705498695373535,0.7822222113609314,0.6828310489654541,0.8401128649711609,0.10038115829229355,0.09954355657100677
69,0.933055579662323,0.1982826143503189,0.4243408739566803,0.06511632353067398,0.06505654752254486,0.7761111259460449,0.6511179208755493,0.8327937722206116,0.10024970024824142,0.09871571511030197
70,0.9327083230018616,0.19977526366710663,0.42565950751304626,0.0651271864771843,0.06515756249427795,0.7799999713897705,0.6327193975448608,0.8072692155838013,0.09848527610301971,0.09655359387397766
71,0.9342361092567444,0.19994843006134033,0.42995426058769226,0.06593883037567139,0.06597588211297989,0.7788888812065125,0.6515689492225647,0.8421832323074341,0.10291768610477448,0.10192877799272537
72,0.9386805295944214,0.1849294900894165,0.4126957654953003,0.0639815628528595,0.064031220972538,0.7933333516120911,0.6262132525444031,0.8128377795219421,0.09867952764034271,0.09823824465274811
73,0.941527783870697,0.17973646521568298,0.4119635820388794,0.06440438330173492,0.0644192174077034,0.7900000214576721,0.6838627457618713,0.8317332863807678,0.0956784337759018,0.09593412280082703
74,0.9378471970558167,0.1861855387687683,0.4259941875934601,0.0664864256978035,0.06656070798635483,0.7788888812065125,0.649381697177887,0.8310818076133728,0.10139098018407822,0.09995707124471664
75,0.9427777528762817,0.17708951234817505,0.4065813422203064,0.06373869627714157,0.06367925554513931,0.7822222113609314,0.6604255437850952,0.8111693263053894,0.09526374191045761,0.09444960951805115
76,0.9431944489479065,0.1731456220149994,0.40318000316619873,0.06340838968753815,0.06335078924894333,0.7883333563804626,0.6845264434814453,0.821313738822937,0.0948944240808487,0.09418639540672302
77,0.9432638883590698,0.17019839584827423,0.39640700817108154,0.06221398711204529,0.06224754452705383,0.7861111164093018,0.6394826173782349,0.8160473704338074,0.09952887892723083,0.09724901616573334
78,0.9507638812065125,0.15700167417526245,0.3938153386116028,0.06310273706912994,0.06304367631673813,0.7888888716697693,0.6362980008125305,0.8198645710945129,0.10019323229789734,0.09842833876609802
79,0.9511111378669739,0.15239427983760834,0.38346150517463684,0.061421703547239304,0.061451252549886703,0.7844444513320923,0.6643122434616089,0.8194052577018738,0.09909466654062271,0.09723953902721405
80,0.944652795791626,0.1645536720752716,0.38926124572753906,0.061388708651065826,0.06140626594424248,0.7822222113609314,0.6669385433197021,0.8680487275123596,0.10541835427284241,0.10394340008497238
81,0.9508333206176758,0.15198533236980438,0.3767413794994354,0.06020435690879822,0.060154397040605545,0.7961111068725586,0.6546972990036011,0.8030818104743958,0.09541669487953186,0.09355732053518295
82,0.9556249976158142,0.14293280243873596,0.3753950297832489,0.060878168791532516,0.060797318816185,0.7911111116409302,0.6238957643508911,0.8284341096878052,0.10028667747974396,0.10041205585002899
83,0.9524305462837219,0.14309878647327423,0.36940041184425354,0.05953816697001457,0.0595637783408165,0.7872222065925598,0.6357520818710327,0.7985138893127441,0.09328033775091171,0.09284744411706924
84,0.956041693687439,0.13884155452251434,0.37206459045410156,0.060502443462610245,0.06051989272236824,0.7905555367469788,0.6609829068183899,0.8128504753112793,0.09495599567890167,0.09415249526500702
85,0.9531944394111633,0.14621149003505707,0.36911749839782715,0.05919547751545906,0.05918726697564125,0.7927777767181396,0.6372160315513611,0.8014249205589294,0.09445218741893768,0.09410255402326584
86,0.9536111354827881,0.1465403437614441,0.36870941519737244,0.05905383452773094,0.05910177528858185,0.7916666865348816,0.6850966811180115,0.8200783729553223,0.09478113055229187,0.09412355720996857
87,0.9598610997200012,0.13110816478729248,0.3589218854904175,0.05869108438491821,0.05866808816790581,0.7911111116409302,0.6756855845451355,0.8422512412071228,0.09893588721752167,0.09867128729820251
88,0.9596527814865112,0.1289374977350235,0.36186689138412476,0.059460729360580444,0.05947317183017731,0.7955555319786072,0.6338945031166077,0.8008397221565247,0.0974285826086998,0.0948944017291069
89,0.9570139050483704,0.13835322856903076,0.36797791719436646,0.059785716235637665,0.05973751097917557,0.7900000214576721,0.6531426906585693,0.8610240817070007,0.10514404624700546,0.10422572493553162
90,0.9614583253860474,0.12912891805171967,0.3543078601360321,0.05791805312037468,0.05794692039489746,0.7972221970558167,0.6386023163795471,0.7792234420776367,0.09278714656829834,0.09150061011314392
91,0.9608333110809326,0.12621445953845978,0.3437882363796234,0.0561131127178669,0.05614233389496803,0.7894444465637207,0.6815342307090759,0.8228596448898315,0.09660995006561279,0.0950770378112793
92,0.9622222185134888,0.12255660444498062,0.3438860774040222,0.0565086267888546,0.056511085480451584,0.8022222518920898,0.5973322987556458,0.7692393064498901,0.09075939655303955,0.09134501218795776
93,0.964722216129303,0.11653012782335281,0.3470690846443176,0.05773793160915375,0.05775430426001549,0.7888888716697693,0.6340303421020508,0.7784829139709473,0.09248426556587219,0.09151924401521683
94,0.965416669845581,0.1161651760339737,0.3357088267803192,0.05555478110909462,0.055544883012771606,0.7994444370269775,0.6305544376373291,0.7811479568481445,0.09390906989574432,0.09179865568876266
95,0.9636111259460449,0.1149512231349945,0.3389905095100403,0.056322403252124786,0.0562920942902565,0.7922222018241882,0.6694332957267761,0.7968330383300781,0.09253904968500137,0.09048936516046524
96,0.9678472280502319,0.10823332518339157,0.326551228761673,0.05453745275735855,0.05449074134230614,0.7988888621330261,0.6563777923583984,0.7815129160881042,0.0920337662100792,0.08955700695514679
97,0.9677777886390686,0.10936059057712555,0.3297114670276642,0.055051833391189575,0.05504065379500389,0.7950000166893005,0.6319486498832703,0.7802212834358215,0.09116363525390625,0.09062832593917847
98,0.9664583206176758,0.11153664439916611,0.33261507749557495,0.05536504089832306,0.05536846071481705,0.7955555319786072,0.6872524619102478,0.8026005029678345,0.09468809515237808,0.09184568375349045
99,0.9634722471237183,0.11426999419927597,0.331733375787735,0.054939016699790955,0.054908160120248795,0.7955555319786072,0.6500062942504883,0.7988346219062805,0.09803344309329987,0.09329672157764435
100,0.9648610949516296,0.11006894707679749,0.32103946805000305,0.05328639969229698,0.053202010691165924,0.800000011920929,0.6572892069816589,0.8046641945838928,0.09691619127988815,0.09498709440231323
101,0.9686805605888367,0.10342632234096527,0.3223060071468353,0.05413543060421944,0.05412430688738823,0.8022222518920898,0.669708788394928,0.8095289468765259,0.09452260285615921,0.09274140745401382
102,0.9672222137451172,0.1030534878373146,0.3173055946826935,0.053131185472011566,0.05317007005214691,0.8122222423553467,0.6585931777954102,0.8126458525657654,0.09675911068916321,0.09413424879312515
103,0.9693750143051147,0.10055994242429733,0.315978080034256,0.053159426897764206,0.053138598799705505,0.8088889122009277,0.6474171280860901,0.7929700613021851,0.09134715050458908,0.09103778749704361
104,0.9678472280502319,0.10249759256839752,0.3156948983669281,0.052863553166389465,0.05287511274218559,0.7994444370269775,0.6370218992233276,0.7876895666122437,0.09211210906505585,0.09159628301858902
105,0.9736111164093018,0.09004013240337372,0.30891719460487366,0.052741218358278275,0.052768606692552567,0.7977777719497681,0.6397695541381836,0.7955577969551086,0.09382126480340958,0.09373956173658371
106,0.9702777862548828,0.09919282048940659,0.31345313787460327,0.05280579254031181,0.052783239632844925,0.7927777767181396,0.6643661260604858,0.7986239194869995,0.09189286082983017,0.09123517572879791
107,0.9684722423553467,0.09954173862934113,0.3106273412704468,0.052132945507764816,0.052170731127262115,0.8022222518920898,0.6740522384643555,0.8051562905311584,0.09308021515607834,0.09052182734012604
108,0.9676389098167419,0.10170142352581024,0.3094829022884369,0.05178859829902649,0.05178111046552658,0.8033333420753479,0.6652422547340393,0.7898871302604675,0.09181911498308182,0.09021832793951035
109,0.9693750143051147,0.09983520209789276,0.30793407559394836,0.05164186656475067,0.05160220339894295,0.8038889169692993,0.6623863577842712,0.7952399849891663,0.08984408527612686,0.08994461596012115
110,0.9706944227218628,0.09274870157241821,0.30424603819847107,0.05155845731496811,0.051562052220106125,0.8088889122009277,0.6442670822143555,0.7789915204048157,0.08982853591442108,0.0882565975189209
111,0.9721527695655823,0.09077700227499008,0.3003414571285248,0.050944939255714417,0.05098739638924599,0.8016666769981384,0.6177179217338562,0.7829520106315613,0.09313573688268661,0.0913538932800293
112,0.9704861044883728,0.09565220773220062,0.30174344778060913,0.050786565989255905,0.05078013241291046,0.8072222471237183,0.6476085186004639,0.7870277166366577,0.09211919456720352,0.08888769894838333
113,0.9750694632530212,0.08226382732391357,0.29184257984161377,0.0501159243285656,0.05015954002737999,0.8133333325386047,0.6451395153999329,0.7775166630744934,0.08963724970817566,0.08811260014772415
114,0.9749305844306946,0.08624017238616943,0.29936841130256653,0.05125560984015465,0.05124400183558464,0.8088889122009277,0.6498015522956848,0.7831647992134094,0.09064875543117523,0.089187391102314
115,0.9747222065925598,0.08612284809350967,0.2976604104042053,0.050901785492897034,0.0509260855615139,0.8105555772781372,0.678859531879425,0.7872806191444397,0.09073365479707718,0.08905965834856033
116,0.9754860997200012,0.08558595925569534,0.28846028447151184,0.04918628931045532,0.04918622598052025,0.7988888621330261,0.7276824712753296,0.8290266990661621,0.09223037213087082,0.09141078591346741
117,0.9743750095367432,0.08486904948949814,0.2925034165382385,0.05000791698694229,0.05003470927476883,0.8122222423553467,0.669627845287323,0.8004626631736755,0.09307511895895004,0.0903734564781189
118,0.9740277528762817,0.08420402556657791,0.2925981879234314,0.05008542537689209,0.05010105296969414,0.8194444179534912,0.6445518136024475,0.7629082798957825,0.08582120388746262,0.08565088361501694
119,0.9757639169692993,0.07929935306310654,0.2827487885951996,0.04863446578383446,0.04862043634057045,0.804444432258606,0.6695610284805298,0.7922223806381226,0.09040207415819168,0.08939839154481888
120,0.9760416746139526,0.07863830775022507,0.2853829860687256,0.04924451932311058,0.049209728837013245,0.8022222518920898,0.7005196809768677,0.8017532229423523,0.09068357199430466,0.08830509334802628
121,0.9753472208976746,0.08142790198326111,0.28643080592155457,0.049148932099342346,0.049132801592350006,0.8088889122009277,0.7225638628005981,0.7947179675102234,0.08831241726875305,0.08764380216598511
122,0.9745138883590698,0.08014202862977982,0.28363102674484253,0.048711225390434265,0.04871627315878868,0.804444432258606,0.646752119064331,0.7573743462562561,0.08887887746095657,0.08617009222507477
123,0.9770833253860474,0.07669711112976074,0.27817490696907043,0.04796895384788513,0.047969672828912735,0.820555567741394,0.6190310120582581,0.7621079683303833,0.0878952294588089,0.08711818605661392
124,0.9778472185134888,0.07390929758548737,0.28101062774658203,0.048794932663440704,0.048823513090610504,0.8288888931274414,0.5857959389686584,0.7424904108047485,0.0899626761674881,0.08751782029867172
125,0.9767361283302307,0.07442538440227509,0.27345195412635803,0.04721421003341675,0.04723748937249184,0.8177777528762817,0.6569916605949402,0.7585641741752625,0.08545195311307907,0.08517751842737198
126,0.9786111116409302,0.07651078701019287,0.2814030647277832,0.048637669533491135,0.048631832003593445,0.8061110973358154,0.6745380163192749,0.7941784858703613,0.08817056566476822,0.08787864446640015
127,0.9786111116409302,0.0759868398308754,0.2767806351184845,0.04779857397079468,0.047733332961797714,0.8155555725097656,0.6880089044570923,0.7903798222541809,0.08701612800359726,0.08678748458623886
128,0.9768750071525574,0.07985731214284897,0.27764901518821716,0.04754338040947914,0.047536078840494156,0.8100000023841858,0.6635147333145142,0.7710535526275635,0.08694814890623093,0.08511441200971603
129,0.976805567741394,0.07543351501226425,0.27641403675079346,0.047796063125133514,0.04773139953613281,0.8183333277702332,0.6485878229141235,0.7679451704025269,0.0879734680056572,0.08751188218593597
130,0.9815278053283691,0.06852304935455322,0.2677796483039856,0.046760473400354385,0.04671121761202812,0.8149999976158142,0.6250095963478088,0.7694870233535767,0.08997420221567154,0.08840997517108917
131,0.9811111092567444,0.07123491168022156,0.2710564136505127,0.04704754054546356,0.047072626650333405,0.824999988079071,0.6213330030441284,0.7534322738647461,0.08797696232795715,0.08686497807502747
132,0.9795138835906982,0.07133699953556061,0.26989173889160156,0.046837519854307175,0.04684418812394142,0.8138889074325562,0.6501452326774597,0.764534592628479,0.08735062181949615,0.08529537916183472
133,0.9775694608688354,0.07248758524656296,0.2673358619213104,0.04625707492232323,0.046265602111816406,0.8066666722297668,0.6951062679290771,0.8131198883056641,0.0928308293223381,0.09006588906049728
134,0.9795138835906982,0.06859015673398972,0.26711294054985046,0.04659763723611832,0.04657183215022087,0.8133333325386047,0.6422586441040039,0.7731648683547974,0.08923039585351944,0.08865734189748764
135,0.9822916388511658,0.06330445408821106,0.2576640546321869,0.04525083675980568,0.0452328622341156,0.8166666626930237,0.6385011076927185,0.7666475176811218,0.08761273324489594,0.0859389677643776
136,0.9763888716697693,0.07684130221605301,0.26970112323760986,0.04627425596117973,0.046241890639066696,0.8183333277702332,0.6443997025489807,0.7530749440193176,0.08807408064603806,0.0848877876996994
137,0.9797916412353516,0.06828314065933228,0.25809404253959656,0.04482963681221008,0.0448148250579834,0.800000011920929,0.6821494698524475,0.7801905870437622,0.08743969351053238,0.08552035689353943
138,0.980555534362793,0.06562244892120361,0.2561412453651428,0.04465394839644432,0.04465951398015022,0.8033333420753479,0.6726847290992737,0.7660419940948486,0.08703391999006271,0.08408649265766144
139,0.981458306312561,0.06427057832479477,0.26394620537757874,0.04634588956832886,0.046375494450330734,0.8061110973358154,0.6549652814865112,0.7714280486106873,0.09021275490522385,0.08733300864696503
140,0.980138897895813,0.06549478322267532,0.2584914565086365,0.04511365666985512,0.04515335336327553,0.8116666674613953,0.664247453212738,0.7599586248397827,0.08751054108142853,0.08429858088493347
141,0.9809027910232544,0.06537824869155884,0.26101434230804443,0.04567383602261543,0.04566241055727005,0.8077777624130249,0.6620998978614807,0.7574840784072876,0.08604007214307785,0.08334610611200333
142,0.9831249713897705,0.05972267687320709,0.2505207657814026,0.044134121388196945,0.04412159323692322,0.8149999976158142,0.63625168800354,0.754300057888031,0.0857619121670723,0.0840926542878151
143,0.9824305772781372,0.06131555885076523,0.24746806919574738,0.04333469271659851,0.043343134224414825,0.8177777528762817,0.654570996761322,0.7597005367279053,0.0839150920510292,0.08323164284229279
144,0.9804860949516296,0.06395982950925827,0.25312453508377075,0.04423341155052185,0.04423319920897484,0.8088889122009277,0.6875048875808716,0.7718554735183716,0.08547507971525192,0.08454050123691559
145,0.9825000166893005,0.058984655886888504,0.2497214525938034,0.044029247015714645,0.04406071454286575,0.820555567741394,0.6449766159057617,0.7591993808746338,0.08707236498594284,0.0844871774315834
146,0.9825694561004639,0.05878020077943802,0.24680259823799133,0.0435187853872776,0.04349212348461151,0.8122222423553467,0.6901805400848389,0.7817841172218323,0.08498380333185196,0.08408750593662262
147,0.9816666841506958,0.06186479702591896,0.26005876064300537,0.04582173749804497,0.04582270234823227,0.8133333325386047,0.6291700005531311,0.7685980200767517,0.09063298255205154,0.08782491832971573
148,0.9827083349227905,0.0588834248483181,0.24640488624572754,0.04339363053441048,0.04339093342423439,0.8161110877990723,0.6718551516532898,0.7673578262329102,0.08550012111663818,0.08336865901947021
149,0.9845138788223267,0.055684905499219894,0.24548549950122833,0.043525658547878265,0.04353729635477066,0.8161110877990723,0.6558467149734497,0.7776705026626587,0.08933201432228088,0.08705249428749084
150,0.9825000166893005,0.05931389704346657,0.2478022575378418,0.04357932135462761,0.04361627623438835,0.8183333277702332,0.6378717422485352,0.7487313747406006,0.08553867787122726,0.08274459093809128
151,0.9807639122009277,0.05903998389840126,0.24024835228919983,0.04214848577976227,0.04214274510741234,0.8138889074325562,0.6533329486846924,0.770434558391571,0.08804035186767578,0.08574473112821579
152,0.980555534362793,0.0634932592511177,0.24913136661052704,0.04345804452896118,0.04346708580851555,0.8166666626930237,0.6751866936683655,0.7708370089530945,0.08701623976230621,0.08428454399108887
153,0.9844444394111633,0.05577702820301056,0.24287323653697968,0.042950499802827835,0.04299083352088928,0.824999988079071,0.6560088396072388,0.7562437653541565,0.08591580390930176,0.08286808431148529
154,0.9840972423553467,0.056860484182834625,0.23933225870132446,0.04221110790967941,0.042212244123220444,0.8105555772781372,0.6738710999488831,0.7738234400749207,0.0870288535952568,0.08405078947544098
