run_id,hidden_layers,nodes,dropout,lr,val_accuracy,fit_time_sec
1,1,64,0.0,1.0,0.19599999487400055,5.017144441604614
2,1,64,0.0,1.0,0.2056666612625122,5.062775135040283
3,1,64,0.0,1.0,0.10916666686534882,5.1340954303741455
4,1,64,0.0,1.0,0.10316666960716248,5.302421808242798
5,1,64,0.0,1.0,0.10899999737739563,5.416614532470703
1,1,64,0.0,0.1,0.7149999737739563,5.114318132400513
2,1,64,0.0,0.1,0.7488333582878113,5.027836084365845
3,1,64,0.0,0.1,0.8240000009536743,5.0356364250183105
4,1,64,0.0,0.1,0.7674999833106995,5.021485328674316
5,1,64,0.0,0.1,0.7536666393280029,4.853659629821777
1,1,64,0.0,0.01,0.8828333616256714,5.126952171325684
2,1,64,0.0,0.01,0.8828333616256714,5.17292594909668
3,1,64,0.0,0.01,0.8768333196640015,5.25016975402832
4,1,64,0.0,0.01,0.8806666731834412,5.14686131477356
5,1,64,0.0,0.01,0.8771666884422302,5.129362344741821
1,1,64,0.0,0.001,0.8723333477973938,4.937739610671997
2,1,64,0.0,0.001,0.8709999918937683,5.173013210296631
3,1,64,0.0,0.001,0.8690000176429749,5.003011226654053
4,1,64,0.0,0.001,0.8723333477973938,5.054295778274536
5,1,64,0.0,0.001,0.871666669845581,4.960165500640869
1,1,64,0.0,0.0005,0.8653333187103271,4.988620042800903
2,1,64,0.0,0.0005,0.8650000095367432,5.019449710845947
3,1,64,0.0,0.0005,0.862333357334137,5.022528648376465
4,1,64,0.0,0.0005,0.8615000247955322,5.213753938674927
5,1,64,0.0,0.0005,0.8636666536331177,5.023380517959595
1,1,64,0.2,1.0,0.10916666686534882,5.49890923500061
2,1,64,0.2,1.0,0.10916666686534882,5.339011907577515
3,1,64,0.2,1.0,0.12433333694934845,5.562841176986694
4,1,64,0.2,1.0,0.12466666847467422,5.417989253997803
5,1,64,0.2,1.0,0.10916666686534882,5.682191371917725
1,1,64,0.2,0.1,0.6848333477973938,5.408919334411621
2,1,64,0.2,0.1,0.7518333196640015,5.43281888961792
3,1,64,0.2,0.1,0.7459999918937683,5.339686393737793
4,1,64,0.2,0.1,0.7835000157356262,5.587207555770874
5,1,64,0.2,0.1,0.7403333187103271,5.295165061950684
1,1,64,0.2,0.01,0.8633333444595337,5.426987171173096
2,1,64,0.2,0.01,0.8756666779518127,5.471679449081421
3,1,64,0.2,0.01,0.8755000233650208,5.46068263053894
4,1,64,0.2,0.01,0.8681666851043701,5.565895318984985
5,1,64,0.2,0.01,0.878000020980835,5.7094056606292725
1,1,64,0.2,0.001,0.8713333606719971,7.935304880142212
2,1,64,0.2,0.001,0.8713333606719971,5.492661237716675
3,1,64,0.2,0.001,0.8740000128746033,5.449753522872925
4,1,64,0.2,0.001,0.874666690826416,5.523770332336426
5,1,64,0.2,0.001,0.874833345413208,5.363934278488159
1,1,64,0.2,0.0005,0.862666666507721,5.2850775718688965
2,1,64,0.2,0.0005,0.8631666898727417,5.2503015995025635
3,1,64,0.2,0.0005,0.8644999861717224,5.689578533172607
4,1,64,0.2,0.0005,0.8629999756813049,5.44042444229126
5,1,64,0.2,0.0005,0.8586666584014893,5.557677745819092
1,1,64,0.4,1.0,0.12099999934434891,5.596451997756958
2,1,64,0.4,1.0,0.10316666960716248,5.487680912017822
3,1,64,0.4,1.0,0.10916666686534882,5.437207460403442
4,1,64,0.4,1.0,0.10916666686534882,5.313091993331909
5,1,64,0.4,1.0,0.10316666960716248,5.562891960144043
1,1,64,0.4,0.1,0.6340000033378601,5.260921001434326
2,1,64,0.4,0.1,0.624833345413208,5.436973571777344
3,1,64,0.4,0.1,0.6389999985694885,5.536305665969849
4,1,64,0.4,0.1,0.5423333048820496,5.500518321990967
5,1,64,0.4,0.1,0.7113333344459534,5.437040328979492
1,1,64,0.4,0.01,0.8676666617393494,5.478947401046753
2,1,64,0.4,0.01,0.8658333420753479,5.469435691833496
3,1,64,0.4,0.01,0.8643333315849304,5.294389247894287
4,1,64,0.4,0.01,0.8648333549499512,5.459937810897827
5,1,64,0.4,0.01,0.862666666507721,5.395863056182861
1,1,64,0.4,0.001,0.8669999837875366,5.416775465011597
2,1,64,0.4,0.001,0.8686666488647461,5.346773147583008
3,1,64,0.4,0.001,0.8679999709129333,5.417271614074707
4,1,64,0.4,0.001,0.8658333420753479,5.3584747314453125
5,1,64,0.4,0.001,0.8646666407585144,5.314610004425049
1,1,64,0.4,0.0005,0.8568333387374878,5.481024503707886
2,1,64,0.4,0.0005,0.8556666374206543,5.360335826873779
3,1,64,0.4,0.0005,0.8575000166893005,5.285046815872192
4,1,64,0.4,0.0005,0.8543333411216736,5.300471544265747
5,1,64,0.4,0.0005,0.856333315372467,5.326568126678467
1,1,64,0.5,1.0,0.10916666686534882,5.94882869720459
2,1,64,0.5,1.0,0.10916666686534882,5.26346492767334
3,1,64,0.5,1.0,0.109333336353302,5.289999008178711
4,1,64,0.5,1.0,0.10949999839067459,5.378497362136841
5,1,64,0.5,1.0,0.19116666913032532,5.262835741043091
1,1,64,0.5,0.1,0.46799999475479126,5.366695404052734
2,1,64,0.5,0.1,0.6014999747276306,5.399148464202881
3,1,64,0.5,0.1,0.5386666655540466,5.282572031021118
4,1,64,0.5,0.1,0.5168333053588867,5.718779563903809
5,1,64,0.5,0.1,0.7329999804496765,5.476322174072266
1,1,64,0.5,0.01,0.859666645526886,5.464635372161865
2,1,64,0.5,0.01,0.8538333177566528,5.320291519165039
3,1,64,0.5,0.01,0.8544999957084656,5.725250005722046
4,1,64,0.5,0.01,0.8640000224113464,5.1991307735443115
5,1,64,0.5,0.01,0.8544999957084656,5.50581955909729
1,1,64,0.5,0.001,0.8651666641235352,5.370879173278809
2,1,64,0.5,0.001,0.8621666431427002,5.544949769973755
3,1,64,0.5,0.001,0.856166660785675,5.258913278579712
4,1,64,0.5,0.001,0.8658333420753479,5.530471563339233
5,1,64,0.5,0.001,0.8641666769981384,5.519672393798828
1,1,64,0.5,0.0005,0.8558333516120911,5.5124664306640625
2,1,64,0.5,0.0005,0.8503333330154419,5.47766900062561
3,1,64,0.5,0.0005,0.8568333387374878,5.426719427108765
4,1,64,0.5,0.0005,0.8508333563804626,5.456352949142456
5,1,64,0.5,0.0005,0.8546666502952576,5.5188307762146
1,1,128,0.0,1.0,0.1274999976158142,4.8931427001953125
2,1,128,0.0,1.0,0.11416666954755783,5.189795255661011
3,1,128,0.0,1.0,0.10916666686534882,4.97881293296814
4,1,128,0.0,1.0,0.12383333593606949,5.148730754852295
5,1,128,0.0,1.0,0.12383333593606949,7.492053270339966
1,1,128,0.0,0.1,0.7403333187103271,4.877504825592041
2,1,128,0.0,0.1,0.7403333187103271,4.959965944290161
3,1,128,0.0,0.1,0.8125,4.862926244735718
4,1,128,0.0,0.1,0.8324999809265137,4.866152286529541
5,1,128,0.0,0.1,0.8326666951179504,4.825265169143677
1,1,128,0.0,0.01,0.8831666707992554,4.776566743850708
2,1,128,0.0,0.01,0.8798333406448364,4.994343042373657
3,1,128,0.0,0.01,0.8878333568572998,4.762282371520996
4,1,128,0.0,0.01,0.8848333358764648,4.896618366241455
5,1,128,0.0,0.01,0.8813333511352539,4.777528762817383
1,1,128,0.0,0.001,0.8784999847412109,4.802283525466919
2,1,128,0.0,0.001,0.8793333172798157,4.8070197105407715
3,1,128,0.0,0.001,0.8799999952316284,4.771228075027466
4,1,128,0.0,0.001,0.8793333172798157,4.849752426147461
5,1,128,0.0,0.001,0.8766666650772095,4.817367792129517
1,1,128,0.0,0.0005,0.871666669845581,4.79862117767334
2,1,128,0.0,0.0005,0.8696666955947876,4.802782297134399
3,1,128,0.0,0.0005,0.8738333582878113,4.809242010116577
4,1,128,0.0,0.0005,0.8696666955947876,4.968389987945557
5,1,128,0.0,0.0005,0.8700000047683716,4.873020172119141
1,1,128,0.2,1.0,0.10916666686534882,5.363639831542969
2,1,128,0.2,1.0,0.12183333188295364,5.3094141483306885
3,1,128,0.2,1.0,0.10916666686534882,5.251342535018921
4,1,128,0.2,1.0,0.10383333265781403,5.353339195251465
5,1,128,0.2,1.0,0.10916666686534882,5.362651109695435
1,1,128,0.2,0.1,0.75,5.318708181381226
2,1,128,0.2,0.1,0.7316666841506958,5.464433193206787
3,1,128,0.2,0.1,0.6863333582878113,5.350463390350342
4,1,128,0.2,0.1,0.8330000042915344,5.345221042633057
5,1,128,0.2,0.1,0.8108333349227905,5.391783237457275
1,1,128,0.2,0.01,0.8811666369438171,5.472621917724609
2,1,128,0.2,0.01,0.8840000033378601,5.3556013107299805
3,1,128,0.2,0.01,0.8830000162124634,5.383176565170288
4,1,128,0.2,0.01,0.8809999823570251,5.3066112995147705
5,1,128,0.2,0.01,0.8838333487510681,5.496716022491455
1,1,128,0.2,0.001,0.8803333044052124,5.40468430519104
2,1,128,0.2,0.001,0.8826666474342346,5.325486660003662
3,1,128,0.2,0.001,0.8799999952316284,5.564438343048096
4,1,128,0.2,0.001,0.8813333511352539,5.560013294219971
5,1,128,0.2,0.001,0.8793333172798157,5.428858518600464
1,1,128,0.2,0.0005,0.8696666955947876,5.3578941822052
2,1,128,0.2,0.0005,0.871833324432373,5.45736289024353
3,1,128,0.2,0.0005,0.8725000023841858,5.419409275054932
4,1,128,0.2,0.0005,0.8731666803359985,5.548140525817871
5,1,128,0.2,0.0005,0.8711666464805603,5.368701934814453
1,1,128,0.4,1.0,0.10916666686534882,5.383964776992798
2,1,128,0.4,1.0,0.10916666686534882,5.251821994781494
3,1,128,0.4,1.0,0.11050000041723251,5.358621597290039
4,1,128,0.4,1.0,0.1889999955892563,5.359844207763672
5,1,128,0.4,1.0,0.10916666686534882,5.32890510559082
1,1,128,0.4,0.1,0.7493333220481873,5.3305699825286865
2,1,128,0.4,0.1,0.7484999895095825,5.481173992156982
3,1,128,0.4,0.1,0.7664999961853027,5.514482021331787
4,1,128,0.4,0.1,0.6449999809265137,5.5684003829956055
5,1,128,0.4,0.1,0.7678333520889282,5.733102560043335
1,1,128,0.4,0.01,0.8788333535194397,5.406943321228027
2,1,128,0.4,0.01,0.874833345413208,5.374346494674683
3,1,128,0.4,0.01,0.8741666674613953,5.402347087860107
4,1,128,0.4,0.01,0.8766666650772095,5.235805511474609
5,1,128,0.4,0.01,0.8790000081062317,5.287549018859863
1,1,128,0.4,0.001,0.8791666626930237,5.1593029499053955
2,1,128,0.4,0.001,0.8803333044052124,5.328213691711426
3,1,128,0.4,0.001,0.8796666860580444,5.164339780807495
4,1,128,0.4,0.001,0.8773333430290222,5.3842902183532715
5,1,128,0.4,0.001,0.878000020980835,5.200857639312744
1,1,128,0.4,0.0005,0.8669999837875366,5.199553728103638
2,1,128,0.4,0.0005,0.8658333420753479,5.116185188293457
3,1,128,0.4,0.0005,0.8659999966621399,5.3106889724731445
4,1,128,0.4,0.0005,0.8686666488647461,5.133950233459473
5,1,128,0.4,0.0005,0.8713333606719971,5.183165073394775
1,1,128,0.5,1.0,0.19716666638851166,5.364509344100952
2,1,128,0.5,1.0,0.1185000017285347,5.244890451431274
3,1,128,0.5,1.0,0.109333336353302,5.198258638381958
4,1,128,0.5,1.0,0.11883333325386047,5.448416233062744
5,1,128,0.5,1.0,0.1889999955892563,5.244706869125366
1,1,128,0.5,0.1,0.6223333477973938,5.307035684585571
2,1,128,0.5,0.1,0.7981666922569275,5.298440933227539
3,1,128,0.5,0.1,0.7304999828338623,5.493344306945801
4,1,128,0.5,0.1,0.5381666421890259,5.388622999191284
5,1,128,0.5,0.1,0.4581666588783264,5.212856769561768
1,1,128,0.5,0.01,0.8679999709129333,5.167010307312012
2,1,128,0.5,0.01,0.871999979019165,5.1930530071258545
3,1,128,0.5,0.01,0.8740000128746033,5.297200441360474
4,1,128,0.5,0.01,0.871999979019165,5.520954132080078
5,1,128,0.5,0.01,0.8681666851043701,5.289182424545288
1,1,128,0.5,0.001,0.8761666417121887,5.18185019493103
2,1,128,0.5,0.001,0.8773333430290222,5.4868268966674805
3,1,128,0.5,0.001,0.8778333067893982,5.312256336212158
4,1,128,0.5,0.001,0.8734999895095825,5.243553876876831
5,1,128,0.5,0.001,0.8741666674613953,5.588933944702148
1,1,128,0.5,0.0005,0.8654999732971191,5.358006477355957
2,1,128,0.5,0.0005,0.8665000200271606,5.203673601150513
3,1,128,0.5,0.0005,0.8656666874885559,5.21681547164917
4,1,128,0.5,0.0005,0.8676666617393494,5.552675247192383
5,1,128,0.5,0.0005,0.8679999709129333,5.497632741928101
1,1,256,0.0,1.0,0.18700000643730164,5.495933771133423
2,1,256,0.0,1.0,0.30516666173934937,5.381507158279419
3,1,256,0.0,1.0,0.16983333230018616,5.38166356086731
4,1,256,0.0,1.0,0.10899999737739563,5.307953119277954
5,1,256,0.0,1.0,0.12266666442155838,5.611593008041382
1,1,256,0.0,0.1,0.7598333358764648,5.605620861053467
2,1,256,0.0,0.1,0.8320000171661377,5.253987073898315
3,1,256,0.0,0.1,0.8066666722297668,5.462583303451538
4,1,256,0.0,0.1,0.7668333053588867,5.305279493331909
5,1,256,0.0,0.1,0.8489999771118164,5.177374839782715
1,1,256,0.0,0.01,0.8838333487510681,5.494499683380127
2,1,256,0.0,0.01,0.8881666660308838,5.6311936378479
3,1,256,0.0,0.01,0.8871666789054871,5.4856932163238525
4,1,256,0.0,0.01,0.8866666555404663,5.404919624328613
5,1,256,0.0,0.01,0.8868333101272583,5.371754884719849
1,1,256,0.0,0.001,0.8858333230018616,5.45606541633606
2,1,256,0.0,0.001,0.8823333382606506,5.693018198013306
3,1,256,0.0,0.001,0.8793333172798157,5.378546953201294
4,1,256,0.0,0.001,0.8830000162124634,5.5304601192474365
5,1,256,0.0,0.001,0.8798333406448364,5.5355682373046875
1,1,256,0.0,0.0005,0.8763333559036255,5.248531341552734
2,1,256,0.0,0.0005,0.878000020980835,5.214009761810303
3,1,256,0.0,0.0005,0.8773333430290222,5.307084560394287
4,1,256,0.0,0.0005,0.8790000081062317,5.187495708465576
5,1,256,0.0,0.0005,0.8794999718666077,5.308926343917847
1,1,256,0.2,1.0,0.1303333342075348,5.870722770690918
2,1,256,0.2,1.0,0.1223333328962326,5.886836290359497
3,1,256,0.2,1.0,0.18716666102409363,5.795741558074951
4,1,256,0.2,1.0,0.21449999511241913,5.727822542190552
5,1,256,0.2,1.0,0.14800000190734863,5.8142359256744385
1,1,256,0.2,0.1,0.7986666560173035,5.784661054611206
2,1,256,0.2,0.1,0.7484999895095825,5.814770698547363
3,1,256,0.2,0.1,0.7894999980926514,6.111111402511597
4,1,256,0.2,0.1,0.7761666774749756,6.10054612159729
5,1,256,0.2,0.1,0.7524999976158142,6.097368478775024
1,1,256,0.2,0.01,0.8846666812896729,6.114235162734985
2,1,256,0.2,0.01,0.8858333230018616,5.923866271972656
3,1,256,0.2,0.01,0.8865000009536743,5.925381898880005
4,1,256,0.2,0.01,0.8830000162124634,6.129453659057617
5,1,256,0.2,0.01,0.8863333463668823,5.879362106323242
1,1,256,0.2,0.001,0.8818333148956299,6.075802326202393
2,1,256,0.2,0.001,0.8855000138282776,6.168874740600586
3,1,256,0.2,0.001,0.8846666812896729,5.961888074874878
4,1,256,0.2,0.001,0.8861666917800903,5.9211766719818115
5,1,256,0.2,0.001,0.8865000009536743,5.736502170562744
1,1,256,0.2,0.0005,0.8778333067893982,5.832264423370361
2,1,256,0.2,0.0005,0.8799999952316284,5.798892259597778
3,1,256,0.2,0.0005,0.8805000185966492,6.39461612701416
4,1,256,0.2,0.0005,0.8778333067893982,5.917917728424072
5,1,256,0.2,0.0005,0.8793333172798157,5.776369333267212
1,1,256,0.4,1.0,0.11749999970197678,5.931373119354248
2,1,256,0.4,1.0,0.2006666660308838,7.611955881118774
3,1,256,0.4,1.0,0.10899999737739563,5.842195510864258
4,1,256,0.4,1.0,0.109333336353302,6.091878414154053
5,1,256,0.4,1.0,0.11833333224058151,5.80816388130188
1,1,256,0.4,0.1,0.7384999990463257,5.817701101303101
2,1,256,0.4,0.1,0.6911666393280029,5.881526231765747
3,1,256,0.4,0.1,0.7516666650772095,5.847274541854858
4,1,256,0.4,0.1,0.5450000166893005,5.9271399974823
5,1,256,0.4,0.1,0.7105000019073486,5.807364463806152
1,1,256,0.4,0.01,0.8824999928474426,5.82103705406189
2,1,256,0.4,0.01,0.8786666393280029,5.7519824504852295
3,1,256,0.4,0.01,0.8808333277702332,5.958163022994995
4,1,256,0.4,0.01,0.8818333148956299,6.004523754119873
5,1,256,0.4,0.01,0.8830000162124634,5.959529161453247
1,1,256,0.4,0.001,0.8865000009536743,5.872369050979614
2,1,256,0.4,0.001,0.8808333277702332,6.0442609786987305
3,1,256,0.4,0.001,0.8838333487510681,6.034968614578247
4,1,256,0.4,0.001,0.8856666684150696,6.278177738189697
5,1,256,0.4,0.001,0.8818333148956299,6.035404205322266
1,1,256,0.4,0.0005,0.8759999871253967,6.096905469894409
2,1,256,0.4,0.0005,0.878333330154419,5.991410255432129
3,1,256,0.4,0.0005,0.8794999718666077,5.931385040283203
4,1,256,0.4,0.0005,0.8790000081062317,5.9401702880859375
5,1,256,0.4,0.0005,0.878000020980835,6.060134649276733
1,1,256,0.5,1.0,0.18066667020320892,5.88378643989563
2,1,256,0.5,1.0,0.12333333492279053,5.893926382064819
3,1,256,0.5,1.0,0.20333333313465118,6.220158100128174
4,1,256,0.5,1.0,0.11133333295583725,5.99662184715271
5,1,256,0.5,1.0,0.10949999839067459,8.097050905227661
1,1,256,0.5,0.1,0.7294999957084656,7.909804821014404
2,1,256,0.5,0.1,0.6463333368301392,6.079256772994995
3,1,256,0.5,0.1,0.7404999732971191,5.9542741775512695
4,1,256,0.5,0.1,0.7086666822433472,5.924215078353882
5,1,256,0.5,0.1,0.7319999933242798,5.836069822311401
1,1,256,0.5,0.01,0.8801666498184204,5.800480127334595
2,1,256,0.5,0.01,0.8756666779518127,5.903303384780884
3,1,256,0.5,0.01,0.8784999847412109,5.963876008987427
4,1,256,0.5,0.01,0.8736666440963745,5.956071853637695
5,1,256,0.5,0.01,0.875333309173584,5.955911636352539
1,1,256,0.5,0.001,0.8811666369438171,6.01019811630249
2,1,256,0.5,0.001,0.8818333148956299,6.032774925231934
3,1,256,0.5,0.001,0.8853333592414856,5.963284969329834
4,1,256,0.5,0.001,0.8836666941642761,6.0691211223602295
5,1,256,0.5,0.001,0.8823333382606506,5.833559274673462
1,1,256,0.5,0.0005,0.8741666674613953,5.973515033721924
2,1,256,0.5,0.0005,0.875166654586792,5.926492691040039
3,1,256,0.5,0.0005,0.8773333430290222,6.3124799728393555
4,1,256,0.5,0.0005,0.8726666569709778,5.965986490249634
5,1,256,0.5,0.0005,0.8734999895095825,6.1258227825164795
1,1,512,0.0,1.0,0.37433332204818726,5.518942356109619
2,1,512,0.0,1.0,0.28316667675971985,5.512103796005249
3,1,512,0.0,1.0,0.19900000095367432,5.702582597732544
4,1,512,0.0,1.0,0.1508333384990692,5.513523817062378
5,1,512,0.0,1.0,0.20466665923595428,5.673034191131592
1,1,512,0.0,0.1,0.7975000143051147,5.421860694885254
2,1,512,0.0,0.1,0.8274999856948853,5.498538255691528
3,1,512,0.0,0.1,0.8298333287239075,5.668660402297974
4,1,512,0.0,0.1,0.8446666598320007,5.474583387374878
5,1,512,0.0,0.1,0.7735000252723694,5.494863271713257
1,1,512,0.0,0.01,0.8859999775886536,5.554198503494263
2,1,512,0.0,0.01,0.8836666941642761,5.563003063201904
3,1,512,0.0,0.01,0.8846666812896729,5.598953008651733
4,1,512,0.0,0.01,0.8840000033378601,5.5819807052612305
5,1,512,0.0,0.01,0.8871666789054871,5.6374993324279785
1,1,512,0.0,0.001,0.8861666917800903,5.626088857650757
2,1,512,0.0,0.001,0.8870000243186951,5.620747804641724
3,1,512,0.0,0.001,0.8883333206176758,5.573775291442871
4,1,512,0.0,0.001,0.8878333568572998,5.61820387840271
5,1,512,0.0,0.001,0.8896666765213013,5.570593595504761
1,1,512,0.0,0.0005,0.8831666707992554,5.590864658355713
2,1,512,0.0,0.0005,0.8846666812896729,5.426736116409302
3,1,512,0.0,0.0005,0.8834999799728394,5.654408693313599
4,1,512,0.0,0.0005,0.8828333616256714,5.549328804016113
5,1,512,0.0,0.0005,0.8828333616256714,5.434266090393066
1,1,512,0.2,1.0,0.15199999511241913,6.423899173736572
2,1,512,0.2,1.0,0.15399999916553497,6.1107611656188965
3,1,512,0.2,1.0,0.22349999845027924,6.128387689590454
4,1,512,0.2,1.0,0.18516667187213898,5.945281982421875
5,1,512,0.2,1.0,0.2994999885559082,6.285942077636719
1,1,512,0.2,0.1,0.7593333125114441,6.19316554069519
2,1,512,0.2,0.1,0.7736666798591614,6.222153186798096
3,1,512,0.2,0.1,0.7940000295639038,6.137715101242065
4,1,512,0.2,0.1,0.8363333344459534,6.173129320144653
5,1,512,0.2,0.1,0.8231666684150696,6.057326316833496
1,1,512,0.2,0.01,0.8918333053588867,5.957930326461792
2,1,512,0.2,0.01,0.8889999985694885,5.9771363735198975
3,1,512,0.2,0.01,0.8889999985694885,5.9794511795043945
4,1,512,0.2,0.01,0.8828333616256714,5.9618635177612305
5,1,512,0.2,0.01,0.887499988079071,6.038930892944336
1,1,512,0.2,0.001,0.8918333053588867,6.100314617156982
2,1,512,0.2,0.001,0.8924999833106995,6.040496110916138
3,1,512,0.2,0.001,0.8898333311080933,5.976681470870972
4,1,512,0.2,0.001,0.8913333415985107,6.132743835449219
5,1,512,0.2,0.001,0.8893333077430725,6.152805805206299
1,1,512,0.2,0.0005,0.8833333253860474,6.008048057556152
2,1,512,0.2,0.0005,0.8834999799728394,5.982923984527588
3,1,512,0.2,0.0005,0.8853333592414856,6.063344240188599
4,1,512,0.2,0.0005,0.8834999799728394,5.985554456710815
5,1,512,0.2,0.0005,0.8841666579246521,6.0085837841033936
1,1,512,0.4,1.0,0.13449999690055847,6.038855075836182
2,1,512,0.4,1.0,0.1315000057220459,6.10483455657959
3,1,512,0.4,1.0,0.13633333146572113,6.190690040588379
4,1,512,0.4,1.0,0.2511666715145111,6.180706739425659
5,1,512,0.4,1.0,0.23633334040641785,6.045304298400879
1,1,512,0.4,0.1,0.7366666793823242,6.3746325969696045
2,1,512,0.4,0.1,0.8220000267028809,6.014796257019043
3,1,512,0.4,0.1,0.7515000104904175,6.2680604457855225
4,1,512,0.4,0.1,0.750333309173584,5.985051393508911
5,1,512,0.4,0.1,0.7471666932106018,5.758408784866333
1,1,512,0.4,0.01,0.8846666812896729,6.009364604949951
2,1,512,0.4,0.01,0.8845000267028809,6.120949745178223
3,1,512,0.4,0.01,0.8820000290870667,5.904465436935425
4,1,512,0.4,0.01,0.8790000081062317,5.830692291259766
5,1,512,0.4,0.01,0.8806666731834412,5.899406433105469
1,1,512,0.4,0.001,0.890500009059906,6.078557729721069
2,1,512,0.4,0.001,0.8866666555404663,6.049685955047607
3,1,512,0.4,0.001,0.8866666555404663,6.0191450119018555
4,1,512,0.4,0.001,0.8893333077430725,5.970862150192261
5,1,512,0.4,0.001,0.8828333616256714,5.973985195159912
1,1,512,0.4,0.0005,0.8849999904632568,6.001616477966309
2,1,512,0.4,0.0005,0.8826666474342346,5.969250202178955
3,1,512,0.4,0.0005,0.8843333125114441,5.929280519485474
4,1,512,0.4,0.0005,0.8824999928474426,6.176548957824707
5,1,512,0.4,0.0005,0.8826666474342346,5.981157064437866
1,1,512,0.5,1.0,0.19616666436195374,5.924745559692383
2,1,512,0.5,1.0,0.15700000524520874,6.067131519317627
3,1,512,0.5,1.0,0.12300000339746475,5.930929660797119
4,1,512,0.5,1.0,0.18250000476837158,6.027451276779175
5,1,512,0.5,1.0,0.11683333665132523,6.030463933944702
1,1,512,0.5,0.1,0.7139999866485596,6.192564010620117
2,1,512,0.5,0.1,0.7296666502952576,6.057347059249878
3,1,512,0.5,0.1,0.7698333263397217,6.100224733352661
4,1,512,0.5,0.1,0.6948333382606506,6.128528833389282
5,1,512,0.5,0.1,0.643666684627533,6.122747898101807
1,1,512,0.5,0.01,0.8799999952316284,6.104094505310059
2,1,512,0.5,0.01,0.8778333067893982,6.046081781387329
3,1,512,0.5,0.01,0.8774999976158142,6.305367469787598
4,1,512,0.5,0.01,0.8791666626930237,6.0640223026275635
5,1,512,0.5,0.01,0.8769999742507935,6.101661205291748
1,1,512,0.5,0.001,0.8849999904632568,6.041223049163818
2,1,512,0.5,0.001,0.8871666789054871,6.236299276351929
3,1,512,0.5,0.001,0.8866666555404663,5.925364255905151
4,1,512,0.5,0.001,0.8866666555404663,5.96392560005188
5,1,512,0.5,0.001,0.8898333311080933,5.913039445877075
1,1,512,0.5,0.0005,0.8826666474342346,5.9134626388549805
2,1,512,0.5,0.0005,0.8828333616256714,5.959843397140503
3,1,512,0.5,0.0005,0.8848333358764648,6.000075340270996
4,1,512,0.5,0.0005,0.8811666369438171,6.077591896057129
5,1,512,0.5,0.0005,0.8838333487510681,6.101051330566406
1,2,64,0.0,1.0,0.10316666960716248,6.643291711807251
2,2,64,0.0,1.0,0.10916666686534882,6.667000770568848
3,2,64,0.0,1.0,0.10316666960716248,6.694760322570801
4,2,64,0.0,1.0,0.10233332961797714,6.481577634811401
5,2,64,0.0,1.0,0.10916666686534882,6.835651636123657
1,2,64,0.0,0.1,0.7889999747276306,7.031373739242554
2,2,64,0.0,0.1,0.593500018119812,6.663317680358887
3,2,64,0.0,0.1,0.6819999814033508,6.632643222808838
4,2,64,0.0,0.1,0.5389999747276306,6.595152854919434
5,2,64,0.0,0.1,0.5504999756813049,6.982024431228638
1,2,64,0.0,0.01,0.8846666812896729,6.470918416976929
2,2,64,0.0,0.01,0.8815000057220459,6.801531553268433
3,2,64,0.0,0.01,0.8759999871253967,6.509187459945679
4,2,64,0.0,0.01,0.8805000185966492,6.8480634689331055
5,2,64,0.0,0.01,0.8799999952316284,6.5167717933654785
1,2,64,0.0,0.001,0.875166654586792,6.649502992630005
2,2,64,0.0,0.001,0.8788333535194397,6.956590175628662
3,2,64,0.0,0.001,0.8768333196640015,6.849366188049316
4,2,64,0.0,0.001,0.8765000104904175,6.967677116394043
5,2,64,0.0,0.001,0.8755000233650208,6.824575662612915
1,2,64,0.0,0.0005,0.8701666593551636,6.622007131576538
2,2,64,0.0,0.0005,0.8679999709129333,6.64131760597229
3,2,64,0.0,0.0005,0.8723333477973938,6.852750301361084
4,2,64,0.0,0.0005,0.8709999918937683,6.856496572494507
5,2,64,0.0,0.0005,0.8673333525657654,6.714452028274536
1,2,64,0.2,1.0,0.10916666686534882,7.59471583366394
2,2,64,0.2,1.0,0.10316666960716248,7.9901347160339355
3,2,64,0.2,1.0,0.10916666686534882,8.170516967773438
4,2,64,0.2,1.0,0.10916666686534882,8.975605964660645
5,2,64,0.2,1.0,0.10916666686534882,7.81919002532959
1,2,64,0.2,0.1,0.4934999942779541,7.759080648422241
2,2,64,0.2,0.1,0.5723333358764648,7.721226692199707
3,2,64,0.2,0.1,0.687833309173584,7.799269914627075
4,2,64,0.2,0.1,0.6303333044052124,7.688416481018066
5,2,64,0.2,0.1,0.5801666378974915,7.465816020965576
1,2,64,0.2,0.01,0.8694999814033508,7.616838455200195
2,2,64,0.2,0.01,0.8733333349227905,7.536398887634277
3,2,64,0.2,0.01,0.8678333163261414,7.867904424667358
4,2,64,0.2,0.01,0.875333309173584,7.945953845977783
5,2,64,0.2,0.01,0.8683333396911621,8.151365756988525
1,2,64,0.2,0.001,0.8755000233650208,7.969085931777954
2,2,64,0.2,0.001,0.874666690826416,7.559162378311157
3,2,64,0.2,0.001,0.8768333196640015,8.22204852104187
4,2,64,0.2,0.001,0.8763333559036255,8.273129224777222
5,2,64,0.2,0.001,0.8743333220481873,7.768490791320801
1,2,64,0.2,0.0005,0.8646666407585144,7.843712329864502
2,2,64,0.2,0.0005,0.8708333373069763,8.059036254882812
3,2,64,0.2,0.0005,0.8661666512489319,7.820500612258911
4,2,64,0.2,0.0005,0.8661666512489319,7.81928825378418
5,2,64,0.2,0.0005,0.8650000095367432,7.738150358200073
1,2,64,0.4,1.0,0.109333336353302,8.035825729370117
2,2,64,0.4,1.0,0.10916666686534882,7.776554346084595
3,2,64,0.4,1.0,0.10916666686534882,7.779878377914429
4,2,64,0.4,1.0,0.10916666686534882,7.696200609207153
5,2,64,0.4,1.0,0.10916666686534882,7.922724008560181
1,2,64,0.4,0.1,0.4555000066757202,7.318169593811035
2,2,64,0.4,0.1,0.3310000002384186,8.2520911693573
3,2,64,0.4,0.1,0.528333306312561,8.106752634048462
4,2,64,0.4,0.1,0.10233332961797714,8.10692048072815
5,2,64,0.4,0.1,0.3023333251476288,8.323152303695679
1,2,64,0.4,0.01,0.8565000295639038,8.27811336517334
2,2,64,0.4,0.01,0.8516666889190674,7.541551113128662
3,2,64,0.4,0.01,0.8498333096504211,8.108183860778809
4,2,64,0.4,0.01,0.8483333587646484,7.956369876861572
5,2,64,0.4,0.01,0.8364999890327454,7.821300268173218
1,2,64,0.4,0.001,0.8654999732971191,8.083003759384155
2,2,64,0.4,0.001,0.8654999732971191,7.800761699676514
3,2,64,0.4,0.001,0.8615000247955322,8.004859447479248
4,2,64,0.4,0.001,0.8603333234786987,8.085361003875732
5,2,64,0.4,0.001,0.862666666507721,7.960619211196899
1,2,64,0.4,0.0005,0.8531666398048401,8.188447952270508
2,2,64,0.4,0.0005,0.8550000190734863,8.199410200119019
3,2,64,0.4,0.0005,0.8538333177566528,7.938671827316284
4,2,64,0.4,0.0005,0.8533333539962769,7.736083745956421
5,2,64,0.4,0.0005,0.8551666736602783,7.8395161628723145
1,2,64,0.5,1.0,0.10916666686534882,8.127576351165771
2,2,64,0.5,1.0,0.10916666686534882,7.614943742752075
3,2,64,0.5,1.0,0.10316666960716248,7.890158414840698
4,2,64,0.5,1.0,0.10916666686534882,8.182964086532593
5,2,64,0.5,1.0,0.10316666960716248,7.910848379135132
1,2,64,0.5,0.1,0.4819999933242798,7.338914632797241
2,2,64,0.5,0.1,0.4518333375453949,7.930924892425537
3,2,64,0.5,0.1,0.16733333468437195,7.815969705581665
4,2,64,0.5,0.1,0.42366665601730347,7.852534770965576
5,2,64,0.5,0.1,0.10316666960716248,7.656525373458862
1,2,64,0.5,0.01,0.7873333096504211,7.831573247909546
2,2,64,0.5,0.01,0.7868333458900452,9.572968482971191
3,2,64,0.5,0.01,0.7443333268165588,8.233689785003662
4,2,64,0.5,0.01,0.7854999899864197,8.098915576934814
5,2,64,0.5,0.01,0.8003333210945129,7.971843719482422
1,2,64,0.5,0.001,0.8565000295639038,7.57599663734436
2,2,64,0.5,0.001,0.8571666479110718,7.730926275253296
3,2,64,0.5,0.001,0.8531666398048401,7.6364195346832275
4,2,64,0.5,0.001,0.859000027179718,8.130375623703003
5,2,64,0.5,0.001,0.8575000166893005,8.406772375106812
1,2,64,0.5,0.0005,0.846833348274231,8.048939943313599
2,2,64,0.5,0.0005,0.8486666679382324,7.705946683883667
3,2,64,0.5,0.0005,0.847000002861023,7.498499155044556
4,2,64,0.5,0.0005,0.8463333249092102,7.876036882400513
5,2,64,0.5,0.0005,0.8461666703224182,9.269548654556274
1,2,128,0.0,1.0,0.10916666686534882,5.7550928592681885
2,2,128,0.0,1.0,0.10916666686534882,5.6839447021484375
3,2,128,0.0,1.0,0.10916666686534882,5.804996490478516
4,2,128,0.0,1.0,0.10916666686534882,5.794763088226318
5,2,128,0.0,1.0,0.10916666686534882,5.799513339996338
1,2,128,0.0,0.1,0.518666684627533,5.76030158996582
2,2,128,0.0,0.1,0.7475000023841858,5.823549509048462
3,2,128,0.0,0.1,0.10916666686534882,5.783312559127808
4,2,128,0.0,0.1,0.5706666707992554,5.880448341369629
5,2,128,0.0,0.1,0.6271666884422302,5.66109037399292
1,2,128,0.0,0.01,0.8878333568572998,5.682885408401489
2,2,128,0.0,0.01,0.8866666555404663,5.653068542480469
3,2,128,0.0,0.01,0.8836666941642761,5.683659076690674
4,2,128,0.0,0.01,0.8816666603088379,5.823681831359863
5,2,128,0.0,0.01,0.8840000033378601,5.796338081359863
1,2,128,0.0,0.001,0.8855000138282776,5.811376094818115
2,2,128,0.0,0.001,0.8824999928474426,5.7963948249816895
3,2,128,0.0,0.001,0.8855000138282776,5.6838555335998535
4,2,128,0.0,0.001,0.8851666450500488,5.783330917358398
5,2,128,0.0,0.001,0.8853333592414856,5.841050148010254
1,2,128,0.0,0.0005,0.8771666884422302,5.7965452671051025
2,2,128,0.0,0.0005,0.8788333535194397,5.719434022903442
3,2,128,0.0,0.0005,0.8786666393280029,5.846067190170288
4,2,128,0.0,0.0005,0.8769999742507935,5.639021158218384
5,2,128,0.0,0.0005,0.8809999823570251,5.845317125320435
1,2,128,0.2,1.0,0.109333336353302,6.407013416290283
2,2,128,0.2,1.0,0.109333336353302,6.195480823516846
3,2,128,0.2,1.0,0.10899999737739563,6.394137144088745
4,2,128,0.2,1.0,0.10916666686534882,6.409142732620239
5,2,128,0.2,1.0,0.10916666686534882,6.26085901260376
1,2,128,0.2,0.1,0.29866665601730347,6.451008558273315
2,2,128,0.2,0.1,0.10916666686534882,6.343292951583862
3,2,128,0.2,0.1,0.4465000033378601,6.454235792160034
4,2,128,0.2,0.1,0.7766666412353516,6.268171787261963
5,2,128,0.2,0.1,0.10916666686534882,6.466076850891113
1,2,128,0.2,0.01,0.8786666393280029,6.535487174987793
2,2,128,0.2,0.01,0.8809999823570251,6.655328273773193
3,2,128,0.2,0.01,0.8755000233650208,6.323983907699585
4,2,128,0.2,0.01,0.8821666836738586,6.446399688720703
5,2,128,0.2,0.01,0.8790000081062317,6.622172594070435
1,2,128,0.2,0.001,0.8871666789054871,6.574777841567993
2,2,128,0.2,0.001,0.8828333616256714,6.291369676589966
3,2,128,0.2,0.001,0.887499988079071,6.601807355880737
4,2,128,0.2,0.001,0.8853333592414856,6.790203094482422
5,2,128,0.2,0.001,0.8891666531562805,6.73877477645874
1,2,128,0.2,0.0005,0.8778333067893982,6.541437149047852
2,2,128,0.2,0.0005,0.8808333277702332,6.626043796539307
3,2,128,0.2,0.0005,0.8778333067893982,6.381175756454468
4,2,128,0.2,0.0005,0.8798333406448364,6.473514080047607
5,2,128,0.2,0.0005,0.8815000057220459,6.413825035095215
1,2,128,0.4,1.0,0.10916666686534882,6.410508394241333
2,2,128,0.4,1.0,0.10899999737739563,6.548140048980713
3,2,128,0.4,1.0,0.10916666686534882,6.469100475311279
4,2,128,0.4,1.0,0.10916666686534882,6.395150661468506
5,2,128,0.4,1.0,0.10233332961797714,6.297248840332031
1,2,128,0.4,0.1,0.5929999947547913,6.526508331298828
2,2,128,0.4,0.1,0.4595000147819519,6.261495590209961
3,2,128,0.4,0.1,0.6434999704360962,6.452686071395874
4,2,128,0.4,0.1,0.4871666729450226,6.468124151229858
5,2,128,0.4,0.1,0.29883334040641785,6.351572751998901
1,2,128,0.4,0.01,0.8661666512489319,6.631814002990723
2,2,128,0.4,0.01,0.8691666722297668,6.480758190155029
3,2,128,0.4,0.01,0.8638333082199097,6.588784694671631
4,2,128,0.4,0.01,0.8634999990463257,6.252575397491455
5,2,128,0.4,0.01,0.8618333339691162,6.368354558944702
1,2,128,0.4,0.001,0.8744999766349792,6.569173812866211
2,2,128,0.4,0.001,0.878333330154419,6.503223419189453
3,2,128,0.4,0.001,0.8801666498184204,6.406809568405151
4,2,128,0.4,0.001,0.8768333196640015,6.283637046813965
5,2,128,0.4,0.001,0.874666690826416,6.579369306564331
1,2,128,0.4,0.0005,0.871666669845581,6.614516258239746
2,2,128,0.4,0.0005,0.8690000176429749,6.525830984115601
3,2,128,0.4,0.0005,0.8700000047683716,7.025928974151611
4,2,128,0.4,0.0005,0.8703333139419556,6.935555458068848
5,2,128,0.4,0.0005,0.8706666827201843,6.395208358764648
1,2,128,0.5,1.0,0.10316666960716248,6.416771650314331
2,2,128,0.5,1.0,0.10316666960716248,6.355133771896362
3,2,128,0.5,1.0,0.10916666686534882,6.276423215866089
4,2,128,0.5,1.0,0.10916666686534882,6.623556613922119
5,2,128,0.5,1.0,0.10316666960716248,6.230449438095093
1,2,128,0.5,0.1,0.1498333364725113,6.357297658920288
2,2,128,0.5,0.1,0.4494999945163727,6.203205347061157
3,2,128,0.5,0.1,0.34599998593330383,6.405299186706543
4,2,128,0.5,0.1,0.47450000047683716,6.500645399093628
5,2,128,0.5,0.1,0.2878333330154419,6.503357648849487
1,2,128,0.5,0.01,0.8431666493415833,6.449341297149658
2,2,128,0.5,0.01,0.8500000238418579,6.591080665588379
3,2,128,0.5,0.01,0.8461666703224182,6.4017884731292725
4,2,128,0.5,0.01,0.8556666374206543,6.816066741943359
5,2,128,0.5,0.01,0.8544999957084656,6.291045427322388
1,2,128,0.5,0.001,0.874833345413208,6.608936309814453
2,2,128,0.5,0.001,0.8701666593551636,7.362506151199341
3,2,128,0.5,0.001,0.871666669845581,6.656873464584351
4,2,128,0.5,0.001,0.8721666932106018,6.538067817687988
5,2,128,0.5,0.001,0.8755000233650208,6.5414719581604
1,2,128,0.5,0.0005,0.8641666769981384,6.4933812618255615
2,2,128,0.5,0.0005,0.8643333315849304,6.315768480300903
3,2,128,0.5,0.0005,0.8688333630561829,6.32286810874939
4,2,128,0.5,0.0005,0.8654999732971191,6.354420900344849
5,2,128,0.5,0.0005,0.8675000071525574,6.494906187057495
1,2,256,0.0,1.0,0.10916666686534882,7.133487224578857
2,2,256,0.0,1.0,0.11366666853427887,6.497722625732422
3,2,256,0.0,1.0,0.10916666686534882,6.717205286026001
4,2,256,0.0,1.0,0.10916666686534882,6.799923896789551
5,2,256,0.0,1.0,0.10916666686534882,6.669727563858032
1,2,256,0.0,0.1,0.41466665267944336,6.775952339172363
2,2,256,0.0,0.1,0.10700000077486038,6.608473539352417
3,2,256,0.0,0.1,0.4300000071525574,6.24173378944397
4,2,256,0.0,0.1,0.13783332705497742,6.577494382858276
5,2,256,0.0,0.1,0.24116666615009308,6.715585947036743
1,2,256,0.0,0.01,0.8849999904632568,6.783757209777832
2,2,256,0.0,0.01,0.8859999775886536,6.952125310897827
3,2,256,0.0,0.01,0.8846666812896729,6.614279508590698
4,2,256,0.0,0.01,0.8840000033378601,6.729134559631348
5,2,256,0.0,0.01,0.8840000033378601,6.664923667907715
1,2,256,0.0,0.001,0.89083331823349,6.629485130310059
2,2,256,0.0,0.001,0.890333354473114,7.3718109130859375
3,2,256,0.0,0.001,0.8918333053588867,6.942655086517334
4,2,256,0.0,0.001,0.887499988079071,6.5451133251190186
5,2,256,0.0,0.001,0.887666642665863,6.703701019287109
1,2,256,0.0,0.0005,0.8881666660308838,6.688498020172119
2,2,256,0.0,0.0005,0.8865000009536743,7.951099395751953
3,2,256,0.0,0.0005,0.8889999985694885,6.676841735839844
4,2,256,0.0,0.0005,0.8845000267028809,6.861623764038086
5,2,256,0.0,0.0005,0.8856666684150696,6.995062828063965
1,2,256,0.2,1.0,0.10916666686534882,7.872192144393921
2,2,256,0.2,1.0,0.11216666549444199,7.9157984256744385
3,2,256,0.2,1.0,0.10916666686534882,8.136523723602295
4,2,256,0.2,1.0,0.10916666686534882,8.221821784973145
5,2,256,0.2,1.0,0.10916666686534882,8.25467038154602
1,2,256,0.2,0.1,0.3766666650772095,8.17882752418518
2,2,256,0.2,0.1,0.2906666696071625,8.73673963546753
3,2,256,0.2,0.1,0.32866665720939636,8.055694103240967
4,2,256,0.2,0.1,0.31816667318344116,8.146345376968384
5,2,256,0.2,0.1,0.28716665506362915,8.178335428237915
1,2,256,0.2,0.01,0.8776666522026062,8.553900003433228
2,2,256,0.2,0.01,0.8788333535194397,8.511929273605347
3,2,256,0.2,0.01,0.8769999742507935,8.556918621063232
4,2,256,0.2,0.01,0.8799999952316284,8.494872093200684
5,2,256,0.2,0.01,0.8834999799728394,8.192137002944946
1,2,256,0.2,0.001,0.8941666483879089,8.31363844871521
2,2,256,0.2,0.001,0.8911666870117188,8.285832643508911
3,2,256,0.2,0.001,0.893666684627533,7.820447683334351
4,2,256,0.2,0.001,0.8896666765213013,8.612447261810303
5,2,256,0.2,0.001,0.8923333287239075,8.604401350021362
1,2,256,0.2,0.0005,0.887499988079071,7.87916898727417
2,2,256,0.2,0.0005,0.8856666684150696,8.108676671981812
3,2,256,0.2,0.0005,0.8886666893959045,8.093569278717041
4,2,256,0.2,0.0005,0.8861666917800903,8.173531532287598
5,2,256,0.2,0.0005,0.8868333101272583,8.670768022537231
1,2,256,0.4,1.0,0.10916666686534882,8.24056601524353
2,2,256,0.4,1.0,0.10916666686534882,8.313446283340454
3,2,256,0.4,1.0,0.10316666960716248,8.400292158126831
4,2,256,0.4,1.0,0.10916666686534882,7.976080656051636
5,2,256,0.4,1.0,0.10916666686534882,8.19594931602478
1,2,256,0.4,0.1,0.10916666686534882,8.18586254119873
2,2,256,0.4,0.1,0.3551666736602783,8.069592952728271
3,2,256,0.4,0.1,0.32116666436195374,8.273267984390259
4,2,256,0.4,0.1,0.5883333086967468,8.517269611358643
5,2,256,0.4,0.1,0.4983333349227905,7.852639198303223
1,2,256,0.4,0.01,0.8690000176429749,8.192830801010132
2,2,256,0.4,0.01,0.8669999837875366,8.171561479568481
3,2,256,0.4,0.01,0.8673333525657654,8.064783573150635
4,2,256,0.4,0.01,0.8666666746139526,8.148793935775757
5,2,256,0.4,0.01,0.8656666874885559,8.042397499084473
1,2,256,0.4,0.001,0.8883333206176758,8.22882080078125
2,2,256,0.4,0.001,0.8859999775886536,8.357725620269775
3,2,256,0.4,0.001,0.8884999752044678,8.150854349136353
4,2,256,0.4,0.001,0.887499988079071,7.874800682067871
5,2,256,0.4,0.001,0.8883333206176758,8.176969051361084
1,2,256,0.4,0.0005,0.8826666474342346,8.463674545288086
2,2,256,0.4,0.0005,0.8794999718666077,8.492477178573608
3,2,256,0.4,0.0005,0.8801666498184204,8.007979393005371
4,2,256,0.4,0.0005,0.8821666836738586,8.635321378707886
5,2,256,0.4,0.0005,0.8834999799728394,8.085521697998047
1,2,256,0.5,1.0,0.10916666686534882,8.603875398635864
2,2,256,0.5,1.0,0.10916666686534882,8.378281593322754
3,2,256,0.5,1.0,0.10916666686534882,7.897948265075684
4,2,256,0.5,1.0,0.10916666686534882,7.996430397033691
5,2,256,0.5,1.0,0.10916666686534882,8.113391637802124
1,2,256,0.5,0.1,0.5476666688919067,8.24051022529602
2,2,256,0.5,0.1,0.4573333263397217,8.733042001724243
3,2,256,0.5,0.1,0.3634999990463257,8.35422682762146
4,2,256,0.5,0.1,0.35899999737739563,8.505516767501831
5,2,256,0.5,0.1,0.6733333468437195,8.835166454315186
1,2,256,0.5,0.01,0.859333336353302,8.802113056182861
2,2,256,0.5,0.01,0.8641666769981384,9.00317668914795
3,2,256,0.5,0.01,0.8663333058357239,8.075263977050781
4,2,256,0.5,0.01,0.8641666769981384,8.385603666305542
5,2,256,0.5,0.01,0.8575000166893005,8.149222373962402
1,2,256,0.5,0.001,0.8821666836738586,8.489713668823242
2,2,256,0.5,0.001,0.8824999928474426,8.532140731811523
3,2,256,0.5,0.001,0.8813333511352539,8.302970886230469
4,2,256,0.5,0.001,0.8830000162124634,8.340057134628296
5,2,256,0.5,0.001,0.8855000138282776,8.260318279266357
1,2,256,0.5,0.0005,0.874833345413208,7.969599962234497
2,2,256,0.5,0.0005,0.8778333067893982,8.36157751083374
3,2,256,0.5,0.0005,0.8755000233650208,8.430434942245483
4,2,256,0.5,0.0005,0.8815000057220459,8.474090099334717
5,2,256,0.5,0.0005,0.8791666626930237,8.345439434051514
1,2,512,0.0,1.0,0.10716667026281357,8.177911758422852
2,2,512,0.0,1.0,0.10916666686534882,7.324606895446777
3,2,512,0.0,1.0,0.10316666960716248,7.464723587036133
4,2,512,0.0,1.0,0.13233333826065063,7.360504388809204
5,2,512,0.0,1.0,0.10916666686534882,7.495278835296631
1,2,512,0.0,0.1,0.22599999606609344,8.238358736038208
2,2,512,0.0,0.1,0.1886666715145111,7.578991889953613
3,2,512,0.0,0.1,0.11283333599567413,7.841559410095215
4,2,512,0.0,0.1,0.38066667318344116,7.497917652130127
5,2,512,0.0,0.1,0.36399999260902405,7.436072826385498
1,2,512,0.0,0.01,0.8861666917800903,7.658454895019531
2,2,512,0.0,0.01,0.8840000033378601,7.641732692718506
3,2,512,0.0,0.01,0.8870000243186951,7.792868614196777
4,2,512,0.0,0.01,0.8830000162124634,7.733874559402466
5,2,512,0.0,0.01,0.8830000162124634,7.237828969955444
1,2,512,0.0,0.001,0.8980000019073486,7.428576231002808
2,2,512,0.0,0.001,0.8926666378974915,7.577232360839844
3,2,512,0.0,0.001,0.8945000171661377,7.342921018600464
4,2,512,0.0,0.001,0.893833339214325,7.554227352142334
5,2,512,0.0,0.001,0.893833339214325,7.957631349563599
1,2,512,0.0,0.0005,0.8941666483879089,7.522410869598389
2,2,512,0.0,0.0005,0.8913333415985107,7.392678260803223
3,2,512,0.0,0.0005,0.8941666483879089,7.4899022579193115
4,2,512,0.0,0.0005,0.8916666507720947,7.916159152984619
5,2,512,0.0,0.0005,0.8883333206176758,7.445640802383423
1,2,512,0.2,1.0,0.10916666686534882,8.800445079803467
2,2,512,0.2,1.0,0.10916666686534882,8.806493520736694
3,2,512,0.2,1.0,0.10916666686534882,8.864884376525879
4,2,512,0.2,1.0,0.10316666960716248,8.848727464675903
5,2,512,0.2,1.0,0.16949999332427979,8.857753992080688
1,2,512,0.2,0.1,0.10916666686534882,8.495970249176025
2,2,512,0.2,0.1,0.5841666460037231,8.808528900146484
3,2,512,0.2,0.1,0.12316666543483734,9.151192903518677
4,2,512,0.2,0.1,0.15033333003520966,13.57359266281128
5,2,512,0.2,0.1,0.6019999980926514,9.136635065078735
1,2,512,0.2,0.01,0.8784999847412109,8.550517320632935
2,2,512,0.2,0.01,0.8768333196640015,8.684757471084595
3,2,512,0.2,0.01,0.875166654586792,9.023467302322388
4,2,512,0.2,0.01,0.8774999976158142,8.676085472106934
5,2,512,0.2,0.01,0.8743333220481873,8.837452173233032
1,2,512,0.2,0.001,0.8949999809265137,8.823140859603882
2,2,512,0.2,0.001,0.8964999914169312,9.266501665115356
3,2,512,0.2,0.001,0.8941666483879089,9.118207216262817
4,2,512,0.2,0.001,0.8934999704360962,8.743767976760864
5,2,512,0.2,0.001,0.8939999938011169,8.725898027420044
1,2,512,0.2,0.0005,0.8970000147819519,8.874928951263428
2,2,512,0.2,0.0005,0.8924999833106995,8.69736909866333
3,2,512,0.2,0.0005,0.8924999833106995,8.795085906982422
4,2,512,0.2,0.0005,0.8933333158493042,8.917352199554443
5,2,512,0.2,0.0005,0.8930000066757202,8.522104501724243
1,2,512,0.4,1.0,0.10916666686534882,8.855813026428223
2,2,512,0.4,1.0,0.10916666686534882,8.761028289794922
3,2,512,0.4,1.0,0.10249999910593033,9.0789053440094
4,2,512,0.4,1.0,0.16033333539962769,8.83984899520874
5,2,512,0.4,1.0,0.1146666631102562,8.52069902420044
1,2,512,0.4,0.1,0.5368333458900452,8.300231218338013
2,2,512,0.4,0.1,0.10916666686534882,7.80907940864563
3,2,512,0.4,0.1,0.13083332777023315,8.290208339691162
4,2,512,0.4,0.1,0.10916666686534882,8.742748498916626
5,2,512,0.4,0.1,0.5820000171661377,8.905463457107544
1,2,512,0.4,0.01,0.8643333315849304,9.00965666770935
2,2,512,0.4,0.01,0.8618333339691162,8.020482301712036
3,2,512,0.4,0.01,0.8646666407585144,8.229784727096558
4,2,512,0.4,0.01,0.875166654586792,8.646655559539795
5,2,512,0.4,0.01,0.8668333292007446,8.440596342086792
1,2,512,0.4,0.001,0.8939999938011169,8.155245065689087
2,2,512,0.4,0.001,0.8896666765213013,8.474205732345581
3,2,512,0.4,0.001,0.8895000219345093,8.169677972793579
4,2,512,0.4,0.001,0.8918333053588867,8.046987056732178
5,2,512,0.4,0.001,0.893666684627533,8.087726354598999
1,2,512,0.4,0.0005,0.8891666531562805,7.908030986785889
2,2,512,0.4,0.0005,0.8896666765213013,7.940170049667358
3,2,512,0.4,0.0005,0.887499988079071,7.987851858139038
4,2,512,0.4,0.0005,0.89083331823349,8.258153915405273
5,2,512,0.4,0.0005,0.8889999985694885,8.883153438568115
1,2,512,0.5,1.0,0.10233332961797714,8.134232521057129
2,2,512,0.5,1.0,0.10916666686534882,8.005817174911499
3,2,512,0.5,1.0,0.10350000113248825,7.868496894836426
4,2,512,0.5,1.0,0.10916666686534882,7.829340934753418
5,2,512,0.5,1.0,0.10916666686534882,7.70532488822937
1,2,512,0.5,0.1,0.6434999704360962,8.304394245147705
2,2,512,0.5,0.1,0.38749998807907104,8.068906784057617
3,2,512,0.5,0.1,0.25433334708213806,8.343084335327148
4,2,512,0.5,0.1,0.5388333201408386,8.11716890335083
5,2,512,0.5,0.1,0.3616666793823242,8.228721618652344
1,2,512,0.5,0.01,0.8669999837875366,7.967986822128296
2,2,512,0.5,0.01,0.8600000143051147,8.357439756393433
3,2,512,0.5,0.01,0.8659999966621399,8.043168544769287
4,2,512,0.5,0.01,0.8618333339691162,8.430865287780762
5,2,512,0.5,0.01,0.8629999756813049,8.251623630523682
1,2,512,0.5,0.001,0.8884999752044678,8.616014957427979
2,2,512,0.5,0.001,0.8889999985694885,8.764575719833374
3,2,512,0.5,0.001,0.8898333311080933,8.555485248565674
4,2,512,0.5,0.001,0.8883333206176758,8.783430099487305
5,2,512,0.5,0.001,0.8899999856948853,8.745923519134521
1,2,512,0.5,0.0005,0.8845000267028809,9.092268228530884
2,2,512,0.5,0.0005,0.8851666450500488,9.00875735282898
3,2,512,0.5,0.0005,0.8868333101272583,8.696838140487671
4,2,512,0.5,0.0005,0.8866666555404663,8.73904800415039
5,2,512,0.5,0.0005,0.8851666450500488,8.953411102294922
1,3,64,0.0,1.0,0.10916666686534882,8.140066385269165
2,3,64,0.0,1.0,0.10916666686534882,8.431877374649048
3,3,64,0.0,1.0,0.10916666686534882,8.059946298599243
4,3,64,0.0,1.0,0.10916666686534882,8.427152872085571
5,3,64,0.0,1.0,0.10916666686534882,7.5555901527404785
1,3,64,0.0,0.1,0.7791666388511658,8.151773691177368
2,3,64,0.0,0.1,0.3840000033378601,7.6390581130981445
3,3,64,0.0,0.1,0.8236666917800903,8.265386581420898
4,3,64,0.0,0.1,0.4726666808128357,7.822463750839233
5,3,64,0.0,0.1,0.10916666686534882,8.945148229598999
1,3,64,0.0,0.01,0.878166675567627,8.136099815368652
2,3,64,0.0,0.01,0.8763333559036255,8.141237735748291
3,3,64,0.0,0.01,0.8815000057220459,7.8411736488342285
4,3,64,0.0,0.01,0.8759999871253967,8.125901222229004
5,3,64,0.0,0.01,0.8851666450500488,8.143728256225586
1,3,64,0.0,0.001,0.8759999871253967,7.782399892807007
2,3,64,0.0,0.001,0.8813333511352539,7.972802639007568
3,3,64,0.0,0.001,0.8766666650772095,8.382224559783936
4,3,64,0.0,0.001,0.8833333253860474,8.357045888900757
5,3,64,0.0,0.001,0.8798333406448364,7.822384595870972
1,3,64,0.0,0.0005,0.875,8.341130018234253
2,3,64,0.0,0.0005,0.8709999918937683,8.522536516189575
3,3,64,0.0,0.0005,0.8736666440963745,8.194001197814941
4,3,64,0.0,0.0005,0.8693333268165588,8.461360931396484
5,3,64,0.0,0.0005,0.8741666674613953,8.474058866500854
1,3,64,0.2,1.0,0.10916666686534882,9.36808705329895
2,3,64,0.2,1.0,0.10916666686534882,9.254596710205078
3,3,64,0.2,1.0,0.10316666960716248,9.440146923065186
4,3,64,0.2,1.0,0.10316666960716248,9.558761835098267
5,3,64,0.2,1.0,0.10916666686534882,9.138888359069824
1,3,64,0.2,0.1,0.31066668033599854,8.968942165374756
2,3,64,0.2,0.1,0.46283334493637085,9.353312015533447
3,3,64,0.2,0.1,0.10316666960716248,8.863499164581299
4,3,64,0.2,0.1,0.3695000112056732,9.735684156417847
5,3,64,0.2,0.1,0.37433332204818726,9.163064002990723
1,3,64,0.2,0.01,0.8633333444595337,9.043435096740723
2,3,64,0.2,0.01,0.8705000281333923,8.921895265579224
3,3,64,0.2,0.01,0.862666666507721,9.330810785293579
4,3,64,0.2,0.01,0.8659999966621399,9.004059553146362
5,3,64,0.2,0.01,0.8528333306312561,9.61577582359314
1,3,64,0.2,0.001,0.8765000104904175,9.366153717041016
2,3,64,0.2,0.001,0.8738333582878113,9.34276294708252
3,3,64,0.2,0.001,0.8703333139419556,9.014811038970947
4,3,64,0.2,0.001,0.8761666417121887,9.635791301727295
5,3,64,0.2,0.001,0.8728333115577698,9.054635763168335
1,3,64,0.2,0.0005,0.8691666722297668,9.433216571807861
2,3,64,0.2,0.0005,0.871666669845581,9.618305921554565
3,3,64,0.2,0.0005,0.8679999709129333,9.411144733428955
4,3,64,0.2,0.0005,0.8703333139419556,9.233533382415771
5,3,64,0.2,0.0005,0.8688333630561829,9.582398414611816
1,3,64,0.4,1.0,0.10916666686534882,9.331876516342163
2,3,64,0.4,1.0,0.10916666686534882,9.40985918045044
3,3,64,0.4,1.0,0.10916666686534882,9.472989320755005
4,3,64,0.4,1.0,0.10916666686534882,9.691348552703857
5,3,64,0.4,1.0,0.10916666686534882,9.1724271774292
1,3,64,0.4,0.1,0.43966665863990784,9.837457656860352
2,3,64,0.4,0.1,0.30300000309944153,9.25162649154663
3,3,64,0.4,0.1,0.1991666704416275,9.429159164428711
4,3,64,0.4,0.1,0.10916666686534882,8.898428440093994
5,3,64,0.4,0.1,0.10316666960716248,9.395050287246704
1,3,64,0.4,0.01,0.7683333158493042,9.922054052352905
2,3,64,0.4,0.01,0.8041666746139526,9.475313901901245
3,3,64,0.4,0.01,0.8018333315849304,10.273911476135254
4,3,64,0.4,0.01,0.8338333368301392,9.816548585891724
5,3,64,0.4,0.01,0.7851666808128357,9.348799228668213
1,3,64,0.4,0.001,0.8521666526794434,9.495858430862427
2,3,64,0.4,0.001,0.862333357334137,9.473833560943604
3,3,64,0.4,0.001,0.8514999747276306,9.472675561904907
4,3,64,0.4,0.001,0.8448333144187927,9.68803071975708
5,3,64,0.4,0.001,0.85916668176651,9.614331483840942
1,3,64,0.4,0.0005,0.8536666631698608,9.395375967025757
2,3,64,0.4,0.0005,0.8445000052452087,9.616067171096802
3,3,64,0.4,0.0005,0.8491666913032532,9.716299533843994
4,3,64,0.4,0.0005,0.8478333353996277,9.445881128311157
5,3,64,0.4,0.0005,0.8461666703224182,9.369816541671753
1,3,64,0.5,1.0,0.10916666686534882,9.49407172203064
2,3,64,0.5,1.0,0.10916666686534882,9.552750587463379
3,3,64,0.5,1.0,0.10916666686534882,9.719372987747192
4,3,64,0.5,1.0,0.10916666686534882,9.500334024429321
5,3,64,0.5,1.0,0.10916666686534882,9.733108282089233
1,3,64,0.5,0.1,0.10316666960716248,9.70236611366272
2,3,64,0.5,0.1,0.1469999998807907,9.588129043579102
3,3,64,0.5,0.1,0.10916666686534882,9.638488054275513
4,3,64,0.5,0.1,0.10316666960716248,9.060529708862305
5,3,64,0.5,0.1,0.37166666984558105,9.586421251296997
1,3,64,0.5,0.01,0.5858333110809326,9.318874597549438
2,3,64,0.5,0.01,0.5071666836738586,10.111777067184448
3,3,64,0.5,0.01,0.5979999899864197,9.43767499923706
4,3,64,0.5,0.01,0.531499981880188,9.019656419754028
5,3,64,0.5,0.01,0.5788333415985107,9.096552848815918
1,3,64,0.5,0.001,0.7565000057220459,9.61971640586853
2,3,64,0.5,0.001,0.8134999871253967,9.623917579650879
3,3,64,0.5,0.001,0.7904999852180481,9.64362907409668
4,3,64,0.5,0.001,0.7540000081062317,9.544248104095459
5,3,64,0.5,0.001,0.8343333601951599,9.652608871459961
1,3,64,0.5,0.0005,0.8076666593551636,9.708421230316162
2,3,64,0.5,0.0005,0.8103333115577698,9.16496992111206
3,3,64,0.5,0.0005,0.8159999847412109,9.145976781845093
4,3,64,0.5,0.0005,0.8098333477973938,9.779942989349365
5,3,64,0.5,0.0005,0.8186666369438171,9.247055768966675
1,3,128,0.0,1.0,0.10316666960716248,7.277033567428589
2,3,128,0.0,1.0,0.10899999737739563,7.271042585372925
3,3,128,0.0,1.0,0.10916666686534882,7.191269397735596
4,3,128,0.0,1.0,0.109333336353302,6.881595849990845
5,3,128,0.0,1.0,0.10316666960716248,7.234886884689331
1,3,128,0.0,0.1,0.10916666686534882,7.037022113800049
2,3,128,0.0,0.1,0.6153333187103271,7.3936872482299805
3,3,128,0.0,0.1,0.49783334136009216,6.679053544998169
4,3,128,0.0,0.1,0.7559999823570251,7.127770900726318
5,3,128,0.0,0.1,0.10233332961797714,7.26802134513855
1,3,128,0.0,0.01,0.8838333487510681,7.676087856292725
2,3,128,0.0,0.01,0.8851666450500488,7.026787996292114
3,3,128,0.0,0.01,0.8855000138282776,6.945873498916626
4,3,128,0.0,0.01,0.8848333358764648,6.390641927719116
5,3,128,0.0,0.01,0.8856666684150696,6.609270811080933
1,3,128,0.0,0.001,0.887499988079071,6.255242586135864
2,3,128,0.0,0.001,0.8826666474342346,6.243590354919434
3,3,128,0.0,0.001,0.8868333101272583,6.531700849533081
4,3,128,0.0,0.001,0.8881666660308838,6.155126571655273
5,3,128,0.0,0.001,0.8868333101272583,6.434494972229004
1,3,128,0.0,0.0005,0.8794999718666077,6.1821417808532715
2,3,128,0.0,0.0005,0.8801666498184204,6.221555233001709
3,3,128,0.0,0.0005,0.8799999952316284,6.276620149612427
4,3,128,0.0,0.0005,0.8818333148956299,5.886613368988037
5,3,128,0.0,0.0005,0.8848333358764648,6.510568380355835
1,3,128,0.2,1.0,0.10916666686534882,7.00653338432312
2,3,128,0.2,1.0,0.10916666686534882,7.298681735992432
3,3,128,0.2,1.0,0.10916666686534882,7.283853769302368
4,3,128,0.2,1.0,0.10916666686534882,6.883163213729858
5,3,128,0.2,1.0,0.10916666686534882,6.930538654327393
1,3,128,0.2,0.1,0.5178333520889282,7.121021270751953
2,3,128,0.2,0.1,0.10916666686534882,6.968299388885498
3,3,128,0.2,0.1,0.10916666686534882,6.94050145149231
4,3,128,0.2,0.1,0.49533334374427795,7.472286939620972
5,3,128,0.2,0.1,0.10316666960716248,7.346170902252197
1,3,128,0.2,0.01,0.871833324432373,7.405461072921753
2,3,128,0.2,0.01,0.8721666932106018,7.0539374351501465
3,3,128,0.2,0.01,0.8773333430290222,7.406249046325684
4,3,128,0.2,0.01,0.8763333559036255,7.289971590042114
5,3,128,0.2,0.01,0.8774999976158142,7.439593315124512
1,3,128,0.2,0.001,0.8848333358764648,7.513892650604248
2,3,128,0.2,0.001,0.8818333148956299,7.1389830112457275
3,3,128,0.2,0.001,0.8851666450500488,7.065140962600708
4,3,128,0.2,0.001,0.8881666660308838,7.312835454940796
5,3,128,0.2,0.001,0.887499988079071,7.45662260055542
1,3,128,0.2,0.0005,0.8826666474342346,7.392632484436035
2,3,128,0.2,0.0005,0.8826666474342346,7.420331239700317
3,3,128,0.2,0.0005,0.8798333406448364,7.483660697937012
4,3,128,0.2,0.0005,0.8790000081062317,7.35430121421814
5,3,128,0.2,0.0005,0.8813333511352539,7.583985328674316
1,3,128,0.4,1.0,0.10916666686534882,7.309867858886719
2,3,128,0.4,1.0,0.10916666686534882,7.215273380279541
3,3,128,0.4,1.0,0.10916666686534882,7.366737365722656
4,3,128,0.4,1.0,0.10916666686534882,6.951101541519165
5,3,128,0.4,1.0,0.10916666686534882,7.7107837200164795
1,3,128,0.4,0.1,0.10916666686534882,7.930476188659668
2,3,128,0.4,0.1,0.10916666686534882,7.611100196838379
3,3,128,0.4,0.1,0.2800000011920929,7.5855395793914795
4,3,128,0.4,0.1,0.10916666686534882,7.953770875930786
5,3,128,0.4,0.1,0.10316666960716248,7.596815824508667
1,3,128,0.4,0.01,0.8508333563804626,7.894486665725708
2,3,128,0.4,0.01,0.8508333563804626,7.969232797622681
3,3,128,0.4,0.01,0.8560000061988831,7.708682060241699
4,3,128,0.4,0.01,0.8385000228881836,7.910851240158081
5,3,128,0.4,0.01,0.8328333497047424,7.621542930603027
1,3,128,0.4,0.001,0.8728333115577698,8.185176134109497
2,3,128,0.4,0.001,0.875166654586792,8.246786117553711
3,3,128,0.4,0.001,0.8766666650772095,8.476685285568237
4,3,128,0.4,0.001,0.8759999871253967,7.861554861068726
5,3,128,0.4,0.001,0.8758333325386047,7.80574893951416
1,3,128,0.4,0.0005,0.8693333268165588,8.063754081726074
2,3,128,0.4,0.0005,0.8686666488647461,7.598503112792969
3,3,128,0.4,0.0005,0.8669999837875366,7.882758855819702
4,3,128,0.4,0.0005,0.8698333501815796,7.6000285148620605
5,3,128,0.4,0.0005,0.8693333268165588,8.261536359786987
1,3,128,0.5,1.0,0.10316666960716248,7.849264860153198
2,3,128,0.5,1.0,0.10899999737739563,7.66077733039856
3,3,128,0.5,1.0,0.10916666686534882,8.023783206939697
4,3,128,0.5,1.0,0.10916666686534882,8.054844856262207
5,3,128,0.5,1.0,0.10316666960716248,7.94482684135437
1,3,128,0.5,0.1,0.10316666960716248,7.518799066543579
2,3,128,0.5,0.1,0.14916667342185974,7.966572046279907
3,3,128,0.5,0.1,0.10316666960716248,7.903353929519653
4,3,128,0.5,0.1,0.10316666960716248,7.7580084800720215
5,3,128,0.5,0.1,0.10916666686534882,7.581423044204712
1,3,128,0.5,0.01,0.7020000219345093,7.881222248077393
2,3,128,0.5,0.01,0.706166684627533,7.328530550003052
3,3,128,0.5,0.01,0.734333336353302,7.644352436065674
4,3,128,0.5,0.01,0.7760000228881836,8.050877809524536
5,3,128,0.5,0.01,0.6771666407585144,7.755443096160889
1,3,128,0.5,0.001,0.8628333210945129,7.716646909713745
2,3,128,0.5,0.001,0.8640000224113464,7.927141904830933
3,3,128,0.5,0.001,0.8606666922569275,7.967448472976685
4,3,128,0.5,0.001,0.8579999804496765,8.010351657867432
5,3,128,0.5,0.001,0.8619999885559082,8.207086324691772
1,3,128,0.5,0.0005,0.8606666922569275,7.674721002578735
2,3,128,0.5,0.0005,0.8558333516120911,8.13879680633545
3,3,128,0.5,0.0005,0.8533333539962769,7.729525327682495
4,3,128,0.5,0.0005,0.8581666946411133,7.744079113006592
5,3,128,0.5,0.0005,0.8569999933242798,7.980921506881714
1,3,256,0.0,1.0,0.12449999898672104,7.512325763702393
2,3,256,0.0,1.0,0.10916666686534882,7.9017653465271
3,3,256,0.0,1.0,0.10316666960716248,7.231585502624512
4,3,256,0.0,1.0,0.10916666686534882,7.497751235961914
5,3,256,0.0,1.0,0.10916666686534882,7.504790306091309
1,3,256,0.0,0.1,0.10333333164453506,7.771965265274048
2,3,256,0.0,0.1,0.37416666746139526,7.173660755157471
3,3,256,0.0,0.1,0.6431666612625122,7.7309160232543945
4,3,256,0.0,0.1,0.10916666686534882,7.4040207862854
5,3,256,0.0,0.1,0.10316666960716248,7.6466076374053955
1,3,256,0.0,0.01,0.8849999904632568,7.716257095336914
2,3,256,0.0,0.01,0.8880000114440918,8.14944052696228
3,3,256,0.0,0.01,0.8868333101272583,7.5843284130096436
4,3,256,0.0,0.01,0.8820000290870667,7.669446706771851
5,3,256,0.0,0.01,0.8861666917800903,7.9282917976379395
1,3,256,0.0,0.001,0.8918333053588867,7.659066200256348
2,3,256,0.0,0.001,0.8911666870117188,7.581910133361816
3,3,256,0.0,0.001,0.8963333368301392,7.383615016937256
4,3,256,0.0,0.001,0.8930000066757202,7.58417272567749
5,3,256,0.0,0.001,0.8923333287239075,7.747723340988159
1,3,256,0.0,0.0005,0.890999972820282,8.124176502227783
2,3,256,0.0,0.0005,0.8895000219345093,7.961948871612549
3,3,256,0.0,0.0005,0.8863333463668823,7.829041957855225
4,3,256,0.0,0.0005,0.8911666870117188,7.457456350326538
5,3,256,0.0,0.0005,0.890666663646698,7.8550004959106445
1,3,256,0.2,1.0,0.10316666960716248,8.94202208518982
2,3,256,0.2,1.0,0.10916666686534882,9.002740144729614
3,3,256,0.2,1.0,0.10916666686534882,8.98306918144226
4,3,256,0.2,1.0,0.10316666960716248,9.094726085662842
5,3,256,0.2,1.0,0.10916666686534882,9.007292985916138
1,3,256,0.2,0.1,0.3840000033378601,9.05488896369934
2,3,256,0.2,0.1,0.4428333342075348,8.54893684387207
3,3,256,0.2,0.1,0.37533333897590637,9.198383092880249
4,3,256,0.2,0.1,0.6875,9.162043571472168
5,3,256,0.2,0.1,0.10966666787862778,9.462999105453491
1,3,256,0.2,0.01,0.8784999847412109,8.840072393417358
2,3,256,0.2,0.01,0.8803333044052124,9.070917844772339
3,3,256,0.2,0.01,0.8755000233650208,8.758532524108887
4,3,256,0.2,0.01,0.8768333196640015,8.793176651000977
5,3,256,0.2,0.01,0.8788333535194397,9.006980657577515
1,3,256,0.2,0.001,0.8920000195503235,8.678054094314575
2,3,256,0.2,0.001,0.8899999856948853,8.900970935821533
3,3,256,0.2,0.001,0.8945000171661377,9.202873945236206
4,3,256,0.2,0.001,0.8895000219345093,9.131095170974731
5,3,256,0.2,0.001,0.8901666402816772,9.016481161117554
1,3,256,0.2,0.0005,0.887333333492279,8.504597187042236
2,3,256,0.2,0.0005,0.8880000114440918,8.778059959411621
3,3,256,0.2,0.0005,0.887666642665863,8.964512825012207
4,3,256,0.2,0.0005,0.8886666893959045,8.701117992401123
5,3,256,0.2,0.0005,0.8888333439826965,9.388339519500732
1,3,256,0.4,1.0,0.10316666960716248,9.085205078125
2,3,256,0.4,1.0,0.10916666686534882,9.262837171554565
3,3,256,0.4,1.0,0.10949999839067459,9.278791189193726
4,3,256,0.4,1.0,0.10916666686534882,9.070241689682007
5,3,256,0.4,1.0,0.10916666686534882,8.979493856430054
1,3,256,0.4,0.1,0.10916666686534882,9.118565797805786
2,3,256,0.4,0.1,0.10916666686534882,9.211731672286987
3,3,256,0.4,0.1,0.10316666960716248,8.948859453201294
4,3,256,0.4,0.1,0.10916666686534882,8.93711519241333
5,3,256,0.4,0.1,0.10916666686534882,8.833152532577515
1,3,256,0.4,0.01,0.8621666431427002,8.640068292617798
2,3,256,0.4,0.01,0.8640000224113464,9.232577800750732
3,3,256,0.4,0.01,0.8668333292007446,8.868888854980469
4,3,256,0.4,0.01,0.8628333210945129,9.208636283874512
5,3,256,0.4,0.01,0.8575000166893005,9.517993211746216
1,3,256,0.4,0.001,0.8841666579246521,8.880673885345459
2,3,256,0.4,0.001,0.8833333253860474,8.97427248954773
3,3,256,0.4,0.001,0.8845000267028809,8.926666021347046
4,3,256,0.4,0.001,0.8861666917800903,8.968968391418457
5,3,256,0.4,0.001,0.8824999928474426,8.747718572616577
1,3,256,0.4,0.0005,0.8834999799728394,8.792596817016602
2,3,256,0.4,0.0005,0.8831666707992554,8.979251384735107
3,3,256,0.4,0.0005,0.8830000162124634,8.921934604644775
4,3,256,0.4,0.0005,0.8816666603088379,8.925542831420898
5,3,256,0.4,0.0005,0.8784999847412109,8.831447124481201
1,3,256,0.5,1.0,0.10316666960716248,8.683616161346436
2,3,256,0.5,1.0,0.10316666960716248,8.692075490951538
3,3,256,0.5,1.0,0.10166666656732559,8.731262922286987
4,3,256,0.5,1.0,0.10916666686534882,9.375136852264404
5,3,256,0.5,1.0,0.10916666686534882,8.83394718170166
1,3,256,0.5,0.1,0.10316666960716248,9.102815866470337
2,3,256,0.5,0.1,0.10316666960716248,8.971883058547974
3,3,256,0.5,0.1,0.10916666686534882,8.95170545578003
4,3,256,0.5,0.1,0.10316666960716248,8.626465082168579
5,3,256,0.5,0.1,0.10316666960716248,8.696451425552368
1,3,256,0.5,0.01,0.8514999747276306,8.180588006973267
2,3,256,0.5,0.01,0.8473333120346069,9.265105485916138
3,3,256,0.5,0.01,0.8519999980926514,8.879461526870728
4,3,256,0.5,0.01,0.8059999942779541,8.616055488586426
5,3,256,0.5,0.01,0.843999981880188,8.98656940460205
1,3,256,0.5,0.001,0.8776666522026062,8.958127737045288
2,3,256,0.5,0.001,0.8759999871253967,8.517439603805542
3,3,256,0.5,0.001,0.8784999847412109,8.440154790878296
4,3,256,0.5,0.001,0.878166675567627,8.98246169090271
5,3,256,0.5,0.001,0.8798333406448364,8.95118498802185
1,3,256,0.5,0.0005,0.8736666440963745,8.545988082885742
2,3,256,0.5,0.0005,0.8776666522026062,9.52897310256958
3,3,256,0.5,0.0005,0.8728333115577698,8.762847185134888
4,3,256,0.5,0.0005,0.8740000128746033,9.048385381698608
5,3,256,0.5,0.0005,0.8731666803359985,9.232811450958252
1,3,512,0.0,1.0,0.11800000071525574,8.058971881866455
2,3,512,0.0,1.0,0.109333336353302,8.39826250076294
3,3,512,0.0,1.0,0.11933333426713943,7.918499231338501
4,3,512,0.0,1.0,0.10316666960716248,7.8787150382995605
5,3,512,0.0,1.0,0.11249999701976776,7.827051401138306
1,3,512,0.0,0.1,0.10916666686534882,8.18997597694397
2,3,512,0.0,0.1,0.7761666774749756,7.865146636962891
3,3,512,0.0,0.1,0.10916666686534882,7.528010129928589
4,3,512,0.0,0.1,0.10333333164453506,7.670084476470947
5,3,512,0.0,0.1,0.10916666686534882,7.385117530822754
1,3,512,0.0,0.01,0.8851666450500488,7.8544535636901855
2,3,512,0.0,0.01,0.8801666498184204,7.731065034866333
3,3,512,0.0,0.01,0.878000020980835,8.15751600265503
4,3,512,0.0,0.01,0.8846666812896729,7.841385126113892
5,3,512,0.0,0.01,0.8823333382606506,7.401837110519409
1,3,512,0.0,0.001,0.8951666951179504,7.333313703536987
2,3,512,0.0,0.001,0.8951666951179504,7.489536285400391
3,3,512,0.0,0.001,0.8968333601951599,7.083724498748779
4,3,512,0.0,0.001,0.8961666822433472,7.0358192920684814
5,3,512,0.0,0.001,0.8953333497047424,7.148199796676636
1,3,512,0.0,0.0005,0.8961666822433472,7.335880517959595
2,3,512,0.0,0.0005,0.890999972820282,7.039988994598389
3,3,512,0.0,0.0005,0.8943333625793457,6.97578763961792
4,3,512,0.0,0.0005,0.8931666612625122,7.13923454284668
5,3,512,0.0,0.0005,0.8955000042915344,7.704460144042969
1,3,512,0.2,1.0,0.10916666686534882,9.045823812484741
2,3,512,0.2,1.0,0.10916666686534882,10.063493967056274
3,3,512,0.2,1.0,0.10316666960716248,9.29252815246582
4,3,512,0.2,1.0,0.10916666686534882,9.084630012512207
5,3,512,0.2,1.0,0.10916666686534882,9.00050950050354
1,3,512,0.2,0.1,0.6919999718666077,9.249114751815796
2,3,512,0.2,0.1,0.10316666960716248,9.844948530197144
3,3,512,0.2,0.1,0.10916666686534882,9.920441627502441
4,3,512,0.2,0.1,0.10233332961797714,9.340065479278564
5,3,512,0.2,0.1,0.10233332961797714,9.63297176361084
1,3,512,0.2,0.01,0.8759999871253967,9.541496753692627
2,3,512,0.2,0.01,0.8790000081062317,9.824133396148682
3,3,512,0.2,0.01,0.8766666650772095,9.768094778060913
4,3,512,0.2,0.01,0.8771666884422302,9.779630899429321
5,3,512,0.2,0.01,0.8791666626930237,9.991785764694214
1,3,512,0.2,0.001,0.8948333263397217,9.955662488937378
2,3,512,0.2,0.001,0.890666663646698,10.155220746994019
3,3,512,0.2,0.001,0.890666663646698,10.10635781288147
4,3,512,0.2,0.001,0.8945000171661377,10.146005153656006
5,3,512,0.2,0.001,0.8943333625793457,9.863087177276611
1,3,512,0.2,0.0005,0.8986666798591614,10.049688339233398
2,3,512,0.2,0.0005,0.893833339214325,10.225066900253296
3,3,512,0.2,0.0005,0.893833339214325,10.675830602645874
4,3,512,0.2,0.0005,0.8961666822433472,9.666183948516846
5,3,512,0.2,0.0005,0.8970000147819519,9.875629663467407
1,3,512,0.4,1.0,0.10916666686534882,10.55359148979187
2,3,512,0.4,1.0,0.10316666960716248,9.709412574768066
3,3,512,0.4,1.0,0.10916666686534882,10.417855978012085
4,3,512,0.4,1.0,0.10916666686534882,10.651933193206787
5,3,512,0.4,1.0,0.10233332961797714,9.948338031768799
1,3,512,0.4,0.1,0.10916666686534882,10.314753770828247
2,3,512,0.4,0.1,0.20466665923595428,9.899681806564331
3,3,512,0.4,0.1,0.10916666686534882,9.802619934082031
4,3,512,0.4,0.1,0.10316666960716248,10.171298027038574
5,3,512,0.4,0.1,0.10916666686534882,10.536356687545776
1,3,512,0.4,0.01,0.8611666560173035,9.800041675567627
2,3,512,0.4,0.01,0.8585000038146973,10.659447193145752
3,3,512,0.4,0.01,0.8665000200271606,9.85806155204773
4,3,512,0.4,0.01,0.862500011920929,10.16652250289917
5,3,512,0.4,0.01,0.8638333082199097,10.133840084075928
1,3,512,0.4,0.001,0.8866666555404663,10.11488962173462
2,3,512,0.4,0.001,0.8888333439826965,9.630118370056152
3,3,512,0.4,0.001,0.8880000114440918,10.14272689819336
4,3,512,0.4,0.001,0.890999972820282,10.191368341445923
5,3,512,0.4,0.001,0.8914999961853027,9.567319631576538
1,3,512,0.4,0.0005,0.8901666402816772,10.643361330032349
2,3,512,0.4,0.0005,0.890333354473114,10.00627064704895
3,3,512,0.4,0.0005,0.890999972820282,10.016029834747314
4,3,512,0.4,0.0005,0.8888333439826965,9.914567232131958
5,3,512,0.4,0.0005,0.8880000114440918,9.673510789871216
1,3,512,0.5,1.0,0.10916666686534882,9.875887393951416
2,3,512,0.5,1.0,0.10916666686534882,9.57088589668274
3,3,512,0.5,1.0,0.10916666686534882,10.114398002624512
4,3,512,0.5,1.0,0.10916666686534882,10.054215431213379
5,3,512,0.5,1.0,0.10916666686534882,9.860616207122803
1,3,512,0.5,0.1,0.10916666686534882,10.098317861557007
2,3,512,0.5,0.1,0.10916666686534882,10.263025760650635
3,3,512,0.5,0.1,0.10916666686534882,9.617285013198853
4,3,512,0.5,0.1,0.10316666960716248,10.042434692382812
5,3,512,0.5,0.1,0.10316666960716248,9.883352041244507
1,3,512,0.5,0.01,0.8529999852180481,10.039844751358032
2,3,512,0.5,0.01,0.8456666469573975,9.667839527130127
3,3,512,0.5,0.01,0.8503333330154419,9.762937784194946
4,3,512,0.5,0.01,0.8536666631698608,10.120687484741211
5,3,512,0.5,0.01,0.8560000061988831,10.09408974647522
1,3,512,0.5,0.001,0.8863333463668823,9.6163911819458
2,3,512,0.5,0.001,0.8840000033378601,10.319473028182983
3,3,512,0.5,0.001,0.8824999928474426,10.3502357006073
4,3,512,0.5,0.001,0.8831666707992554,9.988163709640503
5,3,512,0.5,0.001,0.8863333463668823,9.885986089706421
1,3,512,0.5,0.0005,0.8826666474342346,9.679468870162964
2,3,512,0.5,0.0005,0.8834999799728394,10.501574277877808
3,3,512,0.5,0.0005,0.8851666450500488,10.42865514755249
4,3,512,0.5,0.0005,0.8856666684150696,10.143535852432251
5,3,512,0.5,0.0005,0.8826666474342346,9.80757999420166
1,4,64,0.0,1.0,0.10916666686534882,7.690725564956665
2,4,64,0.0,1.0,0.10916666686534882,7.6476922035217285
3,4,64,0.0,1.0,0.10916666686534882,7.488234996795654
4,4,64,0.0,1.0,0.10916666686534882,7.430668592453003
5,4,64,0.0,1.0,0.10316666960716248,7.476783275604248
1,4,64,0.0,0.1,0.10916666686534882,7.333771228790283
2,4,64,0.0,0.1,0.8031666874885559,7.810385704040527
3,4,64,0.0,0.1,0.10916666686534882,7.135018348693848
4,4,64,0.0,0.1,0.3943333327770233,7.796750068664551
5,4,64,0.0,0.1,0.21183332800865173,7.656678199768066
1,4,64,0.0,0.01,0.8831666707992554,7.405725002288818
2,4,64,0.0,0.01,0.8771666884422302,7.718388080596924
3,4,64,0.0,0.01,0.8801666498184204,7.451016902923584
4,4,64,0.0,0.01,0.8805000185966492,7.755524396896362
5,4,64,0.0,0.01,0.8788333535194397,7.473945140838623
1,4,64,0.0,0.001,0.8815000057220459,7.579782724380493
2,4,64,0.0,0.001,0.8765000104904175,7.616171598434448
3,4,64,0.0,0.001,0.8809999823570251,7.735780715942383
4,4,64,0.0,0.001,0.8791666626930237,7.277628183364868
5,4,64,0.0,0.001,0.8786666393280029,8.144758701324463
1,4,64,0.0,0.0005,0.8744999766349792,8.00000262260437
2,4,64,0.0,0.0005,0.8799999952316284,7.847892999649048
3,4,64,0.0,0.0005,0.874666690826416,7.892843961715698
4,4,64,0.0,0.0005,0.8744999766349792,7.482782363891602
5,4,64,0.0,0.0005,0.8708333373069763,7.829057455062866
1,4,64,0.2,1.0,0.10316666960716248,8.908837795257568
2,4,64,0.2,1.0,0.10916666686534882,8.924684047698975
3,4,64,0.2,1.0,0.10916666686534882,8.963301658630371
4,4,64,0.2,1.0,0.10916666686534882,9.593355178833008
5,4,64,0.2,1.0,0.10916666686534882,8.979762315750122
1,4,64,0.2,0.1,0.10916666686534882,9.22408390045166
2,4,64,0.2,0.1,0.10916666686534882,9.500077247619629
3,4,64,0.2,0.1,0.10916666686534882,9.623557090759277
4,4,64,0.2,0.1,0.10916666686534882,8.86365556716919
5,4,64,0.2,0.1,0.10916666686534882,8.564592599868774
1,4,64,0.2,0.01,0.8485000133514404,9.161424160003662
2,4,64,0.2,0.01,0.8539999723434448,8.964161396026611
3,4,64,0.2,0.01,0.859333336353302,8.900743007659912
4,4,64,0.2,0.01,0.8598333597183228,9.00757884979248
5,4,64,0.2,0.01,0.8526666760444641,9.503020286560059
1,4,64,0.2,0.001,0.875333309173584,9.550007343292236
2,4,64,0.2,0.001,0.871666669845581,9.532062530517578
3,4,64,0.2,0.001,0.874666690826416,8.325235605239868
4,4,64,0.2,0.001,0.8738333582878113,13.20484185218811
5,4,64,0.2,0.001,0.874666690826416,8.958574771881104
1,4,64,0.2,0.0005,0.8618333339691162,9.8323335647583
2,4,64,0.2,0.0005,0.8654999732971191,8.927558660507202
3,4,64,0.2,0.0005,0.8643333315849304,8.832276582717896
4,4,64,0.2,0.0005,0.8678333163261414,9.193252801895142
5,4,64,0.2,0.0005,0.8701666593551636,8.555254936218262
1,4,64,0.4,1.0,0.10316666960716248,9.439084768295288
2,4,64,0.4,1.0,0.10916666686534882,8.335767984390259
3,4,64,0.4,1.0,0.10316666960716248,8.821619272232056
4,4,64,0.4,1.0,0.10916666686534882,8.378530025482178
5,4,64,0.4,1.0,0.10916666686534882,9.083537817001343
1,4,64,0.4,0.1,0.10316666960716248,8.507071256637573
2,4,64,0.4,0.1,0.10233332961797714,8.428293466567993
3,4,64,0.4,0.1,0.10316666960716248,8.983867883682251
4,4,64,0.4,0.1,0.10916666686534882,9.077893733978271
5,4,64,0.4,0.1,0.10916666686534882,8.95876955986023
1,4,64,0.4,0.01,0.6423333287239075,8.37718415260315
2,4,64,0.4,0.01,0.5346666574478149,9.18960165977478
3,4,64,0.4,0.01,0.43933331966400146,8.638572692871094
4,4,64,0.4,0.01,0.6543333530426025,8.734347105026245
5,4,64,0.4,0.01,0.5506666898727417,8.847790718078613
1,4,64,0.4,0.001,0.812333345413208,8.275943517684937
2,4,64,0.4,0.001,0.7581666707992554,8.845980644226074
3,4,64,0.4,0.001,0.7540000081062317,8.415700435638428
4,4,64,0.4,0.001,0.7480000257492065,9.351211071014404
5,4,64,0.4,0.001,0.8023333549499512,8.700327634811401
1,4,64,0.4,0.0005,0.6629999876022339,8.806007862091064
2,4,64,0.4,0.0005,0.8063333630561829,9.004441738128662
3,4,64,0.4,0.0005,0.7403333187103271,9.084154605865479
4,4,64,0.4,0.0005,0.6643333435058594,8.080408334732056
5,4,64,0.4,0.0005,0.7441666722297668,8.38138461112976
1,4,64,0.5,1.0,0.10916666686534882,9.067623853683472
2,4,64,0.5,1.0,0.10916666686534882,8.736097574234009
3,4,64,0.5,1.0,0.10233332961797714,9.219969749450684
4,4,64,0.5,1.0,0.10916666686534882,8.658466100692749
5,4,64,0.5,1.0,0.10316666960716248,8.859376192092896
1,4,64,0.5,0.1,0.10916666686534882,8.847443342208862
2,4,64,0.5,0.1,0.10916666686534882,8.41765022277832
3,4,64,0.5,0.1,0.10916666686534882,9.255983829498291
4,4,64,0.5,0.1,0.12733332812786102,9.119106769561768
5,4,64,0.5,0.1,0.10916666686534882,8.907032251358032
1,4,64,0.5,0.01,0.359499990940094,8.844310760498047
2,4,64,0.5,0.01,0.476500004529953,9.05947232246399
3,4,64,0.5,0.01,0.25866666436195374,10.2638578414917
4,4,64,0.5,0.01,0.4806666672229767,8.90705418586731
5,4,64,0.5,0.01,0.23800000548362732,8.932751417160034
1,4,64,0.5,0.001,0.49950000643730164,8.79611611366272
2,4,64,0.5,0.001,0.6293333172798157,8.828421115875244
3,4,64,0.5,0.001,0.6483333110809326,10.120326280593872
4,4,64,0.5,0.001,0.6396666765213013,8.983517408370972
5,4,64,0.5,0.001,0.625166654586792,9.036442995071411
1,4,64,0.5,0.0005,0.6176666617393494,10.119397401809692
2,4,64,0.5,0.0005,0.6380000114440918,8.714618444442749
3,4,64,0.5,0.0005,0.3803333342075348,9.01005506515503
4,4,64,0.5,0.0005,0.3933333456516266,9.272446870803833
5,4,64,0.5,0.0005,0.6545000076293945,9.127404689788818
1,4,128,0.0,1.0,0.10316666960716248,5.822643995285034
2,4,128,0.0,1.0,0.10916666686534882,6.15225625038147
3,4,128,0.0,1.0,0.10300000011920929,5.86681342124939
4,4,128,0.0,1.0,0.10916666686534882,6.197354793548584
5,4,128,0.0,1.0,0.10316666960716248,6.55185866355896
1,4,128,0.0,0.1,0.10316666960716248,6.182245492935181
2,4,128,0.0,0.1,0.10916666686534882,6.2552876472473145
3,4,128,0.0,0.1,0.624666690826416,6.253288745880127
4,4,128,0.0,0.1,0.7820000052452087,6.331462144851685
5,4,128,0.0,0.1,0.10233332961797714,6.285942554473877
1,4,128,0.0,0.01,0.8830000162124634,6.314927101135254
2,4,128,0.0,0.01,0.8840000033378601,6.322237491607666
3,4,128,0.0,0.01,0.8806666731834412,6.4461939334869385
4,4,128,0.0,0.01,0.8818333148956299,6.712933540344238
5,4,128,0.0,0.01,0.8799999952316284,6.154714345932007
1,4,128,0.0,0.001,0.8878333568572998,6.004136800765991
2,4,128,0.0,0.001,0.8881666660308838,6.225207567214966
3,4,128,0.0,0.001,0.8859999775886536,6.663370609283447
4,4,128,0.0,0.001,0.8865000009536743,6.033894062042236
5,4,128,0.0,0.001,0.8898333311080933,5.939517974853516
1,4,128,0.0,0.0005,0.8806666731834412,8.074399471282959
2,4,128,0.0,0.0005,0.8845000267028809,6.0644471645355225
3,4,128,0.0,0.0005,0.8834999799728394,6.1726343631744385
4,4,128,0.0,0.0005,0.8801666498184204,6.200564384460449
5,4,128,0.0,0.0005,0.8830000162124634,6.230331659317017
1,4,128,0.2,1.0,0.10916666686534882,7.399573802947998
2,4,128,0.2,1.0,0.10916666686534882,8.043306589126587
3,4,128,0.2,1.0,0.10916666686534882,7.614183664321899
4,4,128,0.2,1.0,0.10916666686534882,7.784000873565674
5,4,128,0.2,1.0,0.10916666686534882,7.340337038040161
1,4,128,0.2,0.1,0.10233332961797714,7.462056875228882
2,4,128,0.2,0.1,0.10916666686534882,7.3064353466033936
3,4,128,0.2,0.1,0.39649999141693115,7.445560932159424
4,4,128,0.2,0.1,0.4466666579246521,7.4934163093566895
5,4,128,0.2,0.1,0.10316666960716248,7.806293964385986
1,4,128,0.2,0.01,0.8651666641235352,7.375357389450073
2,4,128,0.2,0.01,0.8743333220481873,7.377021074295044
3,4,128,0.2,0.01,0.8668333292007446,7.462808132171631
4,4,128,0.2,0.01,0.8700000047683716,7.336690664291382
5,4,128,0.2,0.01,0.8688333630561829,7.314781665802002
1,4,128,0.2,0.001,0.8853333592414856,7.3946263790130615
2,4,128,0.2,0.001,0.8834999799728394,7.425433158874512
3,4,128,0.2,0.001,0.8870000243186951,7.329362392425537
4,4,128,0.2,0.001,0.8809999823570251,7.907378673553467
5,4,128,0.2,0.001,0.8845000267028809,7.392583847045898
1,4,128,0.2,0.0005,0.8831666707992554,7.856658220291138
2,4,128,0.2,0.0005,0.8766666650772095,7.377513885498047
3,4,128,0.2,0.0005,0.8803333044052124,8.558197498321533
4,4,128,0.2,0.0005,0.878166675567627,7.011280059814453
5,4,128,0.2,0.0005,0.878333330154419,8.062825679779053
1,4,128,0.4,1.0,0.10316666960716248,8.251654863357544
2,4,128,0.4,1.0,0.10916666686534882,7.191135406494141
3,4,128,0.4,1.0,0.10916666686534882,7.0907721519470215
4,4,128,0.4,1.0,0.10916666686534882,6.945631265640259
5,4,128,0.4,1.0,0.10916666686534882,6.9755589962005615
1,4,128,0.4,0.1,0.10916666686534882,8.227821111679077
2,4,128,0.4,0.1,0.10316666960716248,7.1257710456848145
3,4,128,0.4,0.1,0.10233332961797714,7.0689427852630615
4,4,128,0.4,0.1,0.10916666686534882,7.217749357223511
5,4,128,0.4,0.1,0.10916666686534882,7.094759464263916
1,4,128,0.4,0.01,0.8271666765213013,7.430595636367798
2,4,128,0.4,0.01,0.718833327293396,7.450317621231079
3,4,128,0.4,0.01,0.7705000042915344,7.440141677856445
4,4,128,0.4,0.01,0.7473333477973938,7.690974235534668
5,4,128,0.4,0.01,0.8134999871253967,7.250789403915405
1,4,128,0.4,0.001,0.8631666898727417,7.377330780029297
2,4,128,0.4,0.001,0.8684999942779541,7.300587177276611
3,4,128,0.4,0.001,0.8638333082199097,7.529628276824951
4,4,128,0.4,0.001,0.862500011920929,7.457035303115845
5,4,128,0.4,0.001,0.8640000224113464,7.436756134033203
1,4,128,0.4,0.0005,0.8603333234786987,7.253736257553101
2,4,128,0.4,0.0005,0.859000027179718,7.514310121536255
3,4,128,0.4,0.0005,0.8610000014305115,7.230881929397583
4,4,128,0.4,0.0005,0.8641666769981384,7.475468635559082
5,4,128,0.4,0.0005,0.862666666507721,7.235146999359131
1,4,128,0.5,1.0,0.10916666686534882,7.267162799835205
2,4,128,0.5,1.0,0.10316666960716248,7.129581451416016
3,4,128,0.5,1.0,0.10316666960716248,7.358096599578857
4,4,128,0.5,1.0,0.10316666960716248,7.096510410308838
5,4,128,0.5,1.0,0.10916666686534882,7.402384042739868
1,4,128,0.5,0.1,0.10916666686534882,7.7124409675598145
2,4,128,0.5,0.1,0.10316666960716248,7.137439966201782
3,4,128,0.5,0.1,0.2016666680574417,7.393858909606934
4,4,128,0.5,0.1,0.10916666686534882,7.117008686065674
5,4,128,0.5,0.1,0.10916666686534882,7.16453218460083
1,4,128,0.5,0.01,0.6723333597183228,7.27971076965332
2,4,128,0.5,0.01,0.6926666498184204,8.007777452468872
3,4,128,0.5,0.01,0.5414999723434448,6.9758875370025635
4,4,128,0.5,0.01,0.5351666808128357,7.62866735458374
5,4,128,0.5,0.01,0.5364999771118164,7.056910514831543
1,4,128,0.5,0.001,0.737500011920929,7.224925518035889
2,4,128,0.5,0.001,0.7544999718666077,7.361133337020874
3,4,128,0.5,0.001,0.8353333473205566,8.42936658859253
4,4,128,0.5,0.001,0.7511666417121887,6.93034553527832
5,4,128,0.5,0.001,0.8416666388511658,7.358673572540283
1,4,128,0.5,0.0005,0.7543333172798157,7.0084779262542725
2,4,128,0.5,0.0005,0.7556666731834412,7.901192903518677
3,4,128,0.5,0.0005,0.7553333044052124,7.613886594772339
4,4,128,0.5,0.0005,0.6661666631698608,7.272322654724121
5,4,128,0.5,0.0005,0.6663333177566528,7.265741586685181
1,4,256,0.0,1.0,0.11083333194255829,6.740519285202026
2,4,256,0.0,1.0,0.10316666960716248,6.679420471191406
3,4,256,0.0,1.0,0.10916666686534882,7.065637111663818
4,4,256,0.0,1.0,0.10316666960716248,6.866485118865967
5,4,256,0.0,1.0,0.109333336353302,6.770649671554565
1,4,256,0.0,0.1,0.10916666686534882,7.072258234024048
2,4,256,0.0,0.1,0.10916666686534882,6.528911352157593
3,4,256,0.0,0.1,0.30916666984558105,6.902625322341919
4,4,256,0.0,0.1,0.10316666960716248,6.478205919265747
5,4,256,0.0,0.1,0.29350000619888306,6.965971946716309
1,4,256,0.0,0.01,0.8859999775886536,6.705111742019653
2,4,256,0.0,0.01,0.887499988079071,6.816555500030518
3,4,256,0.0,0.01,0.8841666579246521,6.53519868850708
4,4,256,0.0,0.01,0.887333333492279,6.766979932785034
5,4,256,0.0,0.01,0.8801666498184204,6.496795415878296
1,4,256,0.0,0.001,0.890999972820282,6.7774338722229
2,4,256,0.0,0.001,0.890666663646698,6.608252286911011
3,4,256,0.0,0.001,0.8924999833106995,6.975766658782959
4,4,256,0.0,0.001,0.8931666612625122,6.6009016036987305
5,4,256,0.0,0.001,0.8945000171661377,7.1746485233306885
1,4,256,0.0,0.0005,0.8884999752044678,6.649289131164551
2,4,256,0.0,0.0005,0.887499988079071,6.635266542434692
3,4,256,0.0,0.0005,0.8898333311080933,6.676323175430298
4,4,256,0.0,0.0005,0.8865000009536743,6.712348699569702
5,4,256,0.0,0.0005,0.8889999985694885,6.555629730224609
1,4,256,0.2,1.0,0.10316666960716248,8.476806402206421
2,4,256,0.2,1.0,0.10916666686534882,8.652072429656982
3,4,256,0.2,1.0,0.10916666686534882,8.383355617523193
4,4,256,0.2,1.0,0.10916666686534882,8.499577522277832
5,4,256,0.2,1.0,0.10916666686534882,8.724323272705078
1,4,256,0.2,0.1,0.10316666960716248,8.559489488601685
2,4,256,0.2,0.1,0.10916666686534882,8.19405746459961
3,4,256,0.2,0.1,0.22733333706855774,8.109868049621582
4,4,256,0.2,0.1,0.10916666686534882,8.666704893112183
5,4,256,0.2,0.1,0.34816667437553406,8.262967348098755
1,4,256,0.2,0.01,0.8686666488647461,8.959208965301514
2,4,256,0.2,0.01,0.8693333268165588,8.72558879852295
3,4,256,0.2,0.01,0.8776666522026062,8.621395826339722
4,4,256,0.2,0.01,0.8741666674613953,8.516583919525146
5,4,256,0.2,0.01,0.871666669845581,8.115212440490723
1,4,256,0.2,0.001,0.8920000195503235,8.51486849784851
2,4,256,0.2,0.001,0.8899999856948853,8.989517450332642
3,4,256,0.2,0.001,0.887666642665863,8.602610349655151
4,4,256,0.2,0.001,0.890500009059906,8.093056201934814
5,4,256,0.2,0.001,0.8911666870117188,8.164271354675293
1,4,256,0.2,0.0005,0.887499988079071,8.045082807540894
2,4,256,0.2,0.0005,0.8881666660308838,8.161154747009277
3,4,256,0.2,0.0005,0.8883333206176758,7.871596574783325
4,4,256,0.2,0.0005,0.8914999961853027,8.233202695846558
5,4,256,0.2,0.0005,0.8884999752044678,8.048704147338867
1,4,256,0.4,1.0,0.109333336353302,8.340274333953857
2,4,256,0.4,1.0,0.10916666686534882,8.716655492782593
3,4,256,0.4,1.0,0.10916666686534882,8.868558645248413
4,4,256,0.4,1.0,0.10916666686534882,8.717881679534912
5,4,256,0.4,1.0,0.10916666686534882,8.448744773864746
1,4,256,0.4,0.1,0.10316666960716248,8.089393615722656
2,4,256,0.4,0.1,0.10916666686534882,8.042464971542358
3,4,256,0.4,0.1,0.10316666960716248,8.018346071243286
4,4,256,0.4,0.1,0.10916666686534882,8.45671534538269
5,4,256,0.4,0.1,0.10916666686534882,8.784946918487549
1,4,256,0.4,0.01,0.827833354473114,8.501830101013184
2,4,256,0.4,0.01,0.8441666960716248,8.057542562484741
3,4,256,0.4,0.01,0.8518333435058594,8.004123210906982
4,4,256,0.4,0.01,0.8460000157356262,9.253234624862671
5,4,256,0.4,0.01,0.8489999771118164,8.27811074256897
1,4,256,0.4,0.001,0.8805000185966492,9.099173307418823
2,4,256,0.4,0.001,0.8791666626930237,8.677658557891846
3,4,256,0.4,0.001,0.8791666626930237,8.581308364868164
4,4,256,0.4,0.001,0.8776666522026062,7.917752981185913
5,4,256,0.4,0.001,0.8793333172798157,9.328354835510254
1,4,256,0.4,0.0005,0.8791666626930237,7.937771558761597
2,4,256,0.4,0.0005,0.8769999742507935,8.857579231262207
3,4,256,0.4,0.0005,0.8771666884422302,8.964999437332153
4,4,256,0.4,0.0005,0.8791666626930237,8.267282724380493
5,4,256,0.4,0.0005,0.8790000081062317,8.119502305984497
1,4,256,0.5,1.0,0.10916666686534882,8.283960342407227
2,4,256,0.5,1.0,0.10916666686534882,13.104276418685913
3,4,256,0.5,1.0,0.10916666686534882,8.775971174240112
4,4,256,0.5,1.0,0.10316666960716248,8.03578233718872
5,4,256,0.5,1.0,0.10916666686534882,8.588719129562378
1,4,256,0.5,0.1,0.10316666960716248,8.186575889587402
2,4,256,0.5,0.1,0.10316666960716248,8.18079686164856
3,4,256,0.5,0.1,0.10916666686534882,8.048731088638306
4,4,256,0.5,0.1,0.10316666960716248,7.880863904953003
5,4,256,0.5,0.1,0.10916666686534882,7.919262409210205
1,4,256,0.5,0.01,0.7879999876022339,8.522369384765625
2,4,256,0.5,0.01,0.7879999876022339,8.310908794403076
3,4,256,0.5,0.01,0.6318333148956299,8.158634185791016
4,4,256,0.5,0.01,0.6048333048820496,7.992649555206299
5,4,256,0.5,0.01,0.6466666460037231,7.977273225784302
1,4,256,0.5,0.001,0.8658333420753479,9.386945247650146
2,4,256,0.5,0.001,0.8705000281333923,13.20349645614624
3,4,256,0.5,0.001,0.8711666464805603,8.749244689941406
4,4,256,0.5,0.001,0.8690000176429749,8.36003303527832
5,4,256,0.5,0.001,0.8683333396911621,8.641587972640991
1,4,256,0.5,0.0005,0.8669999837875366,8.94317078590393
2,4,256,0.5,0.0005,0.8686666488647461,9.180344820022583
3,4,256,0.5,0.0005,0.8650000095367432,8.408787727355957
4,4,256,0.5,0.0005,0.8673333525657654,7.924790382385254
5,4,256,0.5,0.0005,0.8678333163261414,8.170875072479248
1,4,512,0.0,1.0,0.10316666960716248,6.922175884246826
2,4,512,0.0,1.0,0.10916666686534882,7.890500545501709
3,4,512,0.0,1.0,0.10316666960716248,7.130024433135986
4,4,512,0.0,1.0,0.10166666656732559,7.197343111038208
5,4,512,0.0,1.0,0.10916666686534882,7.2880940437316895
1,4,512,0.0,0.1,0.3541666567325592,7.51375937461853
2,4,512,0.0,0.1,0.10916666686534882,7.606046676635742
3,4,512,0.0,0.1,0.10233332961797714,7.311222553253174
4,4,512,0.0,0.1,0.20116665959358215,7.064204454421997
5,4,512,0.0,0.1,0.1028333306312561,7.0029215812683105
1,4,512,0.0,0.01,0.8848333358764648,7.085787534713745
2,4,512,0.0,0.01,0.8846666812896729,6.93415379524231
3,4,512,0.0,0.01,0.8806666731834412,7.109483242034912
4,4,512,0.0,0.01,0.8870000243186951,6.919477701187134
5,4,512,0.0,0.01,0.8838333487510681,7.136731386184692
1,4,512,0.0,0.001,0.8970000147819519,7.214064359664917
2,4,512,0.0,0.001,0.8968333601951599,7.2814459800720215
3,4,512,0.0,0.001,0.8993333578109741,7.339167594909668
4,4,512,0.0,0.001,0.8928333520889282,7.328176021575928
5,4,512,0.0,0.001,0.8964999914169312,7.2764222621917725
1,4,512,0.0,0.0005,0.8924999833106995,7.0108654499053955
2,4,512,0.0,0.0005,0.8949999809265137,7.105482816696167
3,4,512,0.0,0.0005,0.8983333110809326,7.426904201507568
4,4,512,0.0,0.0005,0.8916666507720947,7.250898838043213
5,4,512,0.0,0.0005,0.8946666717529297,7.279452562332153
1,4,512,0.2,1.0,0.10916666686534882,8.895334959030151
2,4,512,0.2,1.0,0.10916666686534882,9.18854546546936
3,4,512,0.2,1.0,0.10316666960716248,8.988193988800049
4,4,512,0.2,1.0,0.10916666686534882,13.609552383422852
5,4,512,0.2,1.0,0.10916666686534882,9.577113628387451
1,4,512,0.2,0.1,0.10316666960716248,9.215831756591797
2,4,512,0.2,0.1,0.10916666686534882,9.078124523162842
3,4,512,0.2,0.1,0.10916666686534882,8.994227886199951
4,4,512,0.2,0.1,0.10316666960716248,9.136204957962036
5,4,512,0.2,0.1,0.10316666960716248,9.29080605506897
1,4,512,0.2,0.01,0.8758333325386047,9.350940227508545
2,4,512,0.2,0.01,0.8683333396911621,9.146991729736328
3,4,512,0.2,0.01,0.8701666593551636,8.965853929519653
4,4,512,0.2,0.01,0.8769999742507935,9.18403935432434
5,4,512,0.2,0.01,0.8721666932106018,8.49256157875061
1,4,512,0.2,0.001,0.893833339214325,8.900291919708252
2,4,512,0.2,0.001,0.8933333158493042,8.69519305229187
3,4,512,0.2,0.001,0.8945000171661377,8.972179412841797
4,4,512,0.2,0.001,0.893666684627533,9.062450647354126
5,4,512,0.2,0.001,0.8934999704360962,9.398316383361816
1,4,512,0.2,0.0005,0.8960000276565552,9.451330423355103
2,4,512,0.2,0.0005,0.8963333368301392,10.145511150360107
3,4,512,0.2,0.0005,0.8941666483879089,9.167926549911499
4,4,512,0.2,0.0005,0.8939999938011169,9.379749536514282
5,4,512,0.2,0.0005,0.8928333520889282,9.320561170578003
1,4,512,0.4,1.0,0.10316666960716248,8.641742944717407
2,4,512,0.4,1.0,0.10916666686534882,9.322753429412842
3,4,512,0.4,1.0,0.10916666686534882,9.357001066207886
4,4,512,0.4,1.0,0.1420000046491623,8.857242822647095
5,4,512,0.4,1.0,0.10316666960716248,8.99668025970459
1,4,512,0.4,0.1,0.10316666960716248,8.972667694091797
2,4,512,0.4,0.1,0.10916666686534882,9.395663976669312
3,4,512,0.4,0.1,0.10316666960716248,8.836139678955078
4,4,512,0.4,0.1,0.10316666960716248,9.046296119689941
5,4,512,0.4,0.1,0.10916666686534882,9.364940881729126
1,4,512,0.4,0.01,0.8511666655540466,9.393270015716553
2,4,512,0.4,0.01,0.8391666412353516,8.9770188331604
3,4,512,0.4,0.01,0.8481666445732117,9.478330373764038
4,4,512,0.4,0.01,0.8568333387374878,9.062899112701416
5,4,512,0.4,0.01,0.8579999804496765,8.982648372650146
1,4,512,0.4,0.001,0.8843333125114441,10.70719051361084
2,4,512,0.4,0.001,0.8863333463668823,9.535367488861084
3,4,512,0.4,0.001,0.8883333206176758,9.067645072937012
4,4,512,0.4,0.001,0.887499988079071,9.23418140411377
5,4,512,0.4,0.001,0.8871666789054871,8.98884129524231
1,4,512,0.4,0.0005,0.8858333230018616,9.008700847625732
2,4,512,0.4,0.0005,0.8855000138282776,9.578690528869629
3,4,512,0.4,0.0005,0.8843333125114441,9.113143682479858
4,4,512,0.4,0.0005,0.8881666660308838,8.772274255752563
5,4,512,0.4,0.0005,0.887666642665863,9.110962390899658
1,4,512,0.5,1.0,0.10916666686534882,9.433284997940063
2,4,512,0.5,1.0,0.10916666686534882,8.927841186523438
3,4,512,0.5,1.0,0.10916666686534882,8.746643543243408
4,4,512,0.5,1.0,0.10233332961797714,9.218621730804443
5,4,512,0.5,1.0,0.10916666686534882,9.571183919906616
1,4,512,0.5,0.1,0.10916666686534882,9.753660917282104
2,4,512,0.5,0.1,0.10316666960716248,10.016438722610474
3,4,512,0.5,0.1,0.10916666686534882,8.659417390823364
4,4,512,0.5,0.1,0.10916666686534882,9.352608442306519
5,4,512,0.5,0.1,0.10916666686534882,9.281853914260864
1,4,512,0.5,0.01,0.8276666402816772,8.840463638305664
2,4,512,0.5,0.01,0.6861666440963745,9.372215986251831
3,4,512,0.5,0.01,0.7294999957084656,8.916930437088013
4,4,512,0.5,0.01,0.8098333477973938,8.765697479248047
5,4,512,0.5,0.01,0.8169999718666077,8.832406997680664
1,4,512,0.5,0.001,0.8790000081062317,8.933270454406738
2,4,512,0.5,0.001,0.878166675567627,9.367979526519775
3,4,512,0.5,0.001,0.8808333277702332,8.748662233352661
4,4,512,0.5,0.001,0.8769999742507935,8.88922119140625
5,4,512,0.5,0.001,0.8813333511352539,8.970375061035156
1,4,512,0.5,0.0005,0.8794999718666077,8.986937761306763
2,4,512,0.5,0.0005,0.8811666369438171,9.35900068283081
3,4,512,0.5,0.0005,0.8818333148956299,8.760244846343994
4,4,512,0.5,0.0005,0.8790000081062317,8.981889486312866
5,4,512,0.5,0.0005,0.878333330154419,9.457664728164673
